filename,tgt_polygon,use_polygon
-9bvNvBWAX3xjKfJzS4vTA_56.png,"[[32.0, 1.0], [106.0, 32.0], [77.0, 108.0], [3.0, 77.0]]",True
-LtOhSguWQXyerbzUN6HpA_40.png,"[[39.0, 8.0], [149.0, 44.0], [112.0, 148.0], [5.0, 112.0]]",True
-OW9ycbAVx3NHh1Emb8XxA_79.png,"[[111.0, 0.0], [112.0, 110.0], [1.0, 112.0], [1.0, 6.0]]",True
-OW9ycbAVx3NHh1Emb8XxA_89.png,"[[149.0, 10.0], [142.0, 147.0], [2.0, 135.0], [4.0, 4.0]]",True
-OW9ycbAVx3NHh1Emb8XxA_91.png,"[[171.0, 13.0], [158.0, 169.0], [6.0, 163.0], [12.0, 2.0]]",True
-OW9ycbAVx3NHh1Emb8XxA_93.png,"[[129.0, 2.0], [131.0, 128.0], [5.0, 127.0], [3.0, 1.0]]",True
-YF7yrS0WkRqW2CUBmSOtw_33.png,"[[31.0, 0.0], [104.0, 29.0], [75.0, 105.0], [0.0, 73.0]]",True
-gmH2vOSnm6NBWRa4-UhTg_24.png,"[[33.0, 1.0], [120.0, 41.0], [92.0, 121.0], [3.0, 86.0]]",True
-i3WC4H43BVUh5nZsJgThQ_121.png,"[[37.0, 3.0], [126.0, 34.0], [95.0, 126.0], [4.0, 91.0]]",True
-i3WC4H43BVUh5nZsJgThQ_123.png,"[[39.0, 1.0], [142.0, 44.0], [103.0, 142.0], [1.0, 99.0]]",True
056PRDIdH73i9SjAk2zT1w_92.png,"[[55.0, 32.0], [241.0, 61.0], [196.0, 222.0], [15.0, 193.0]]",True
0KohgmStOYkLZM6v-Frfew_80.png,"[[49.0, 0.0], [49.0, 50.0], [2.0, 50.0], [2.0, 0.0]]",True
0LaBA0WzOdw4ZDFK4pFEGQ_102.png,"[[82.0, 2.0], [80.0, 82.0], [0.0, 82.0], [2.0, 0.0]]",True
0LaBA0WzOdw4ZDFK4pFEGQ_28.png,"[[80.0, 0.0], [82.0, 82.0], [0.0, 82.0], [3.0, 0.0]]",True
0MnG_BYo5DQtVHJD93j4jQ_17.png,"[[46.0, 1.0], [44.0, 45.0], [1.0, 45.0], [0.0, 1.0]]",True
0NquXdbXeGCs8rw3XJ2apQ_26.png,"[[80.0, 0.0], [279.0, 79.0], [196.0, 279.0], [0.0, 200.0]]",True
0PGrIiOu64CU2QBTJluuDg_162.png,"[[88.0, 2.0], [90.0, 91.0], [1.0, 90.0], [1.0, 0.0]]",True
0PGrIiOu64CU2QBTJluuDg_91.png,"[[91.0, 2.0], [90.0, 91.0], [0.0, 91.0], [2.0, 0.0]]",True
0a5QmgHLgOqpkxexLef5sQ_33.png,"[[135.0, 5.0], [135.0, 137.0], [2.0, 133.0], [3.0, 0.0]]",True
0wCxQ_bV7onu-MtYzAaNwQ_31.png,"[[43.0, 5.0], [158.0, 42.0], [102.0, 159.0], [1.0, 117.0]]",True
0wr7Fc2EC2R4ZDPucrlPgA_40.png,"[[29.0, 2.0], [95.0, 28.0], [77.0, 101.0], [7.0, 74.0]]",True
11NKfv7sx4-XU_lupQ1JhA_48.png,"[[27.0, 0.0], [92.0, 26.0], [67.0, 92.0], [0.0, 65.0]]",True
1Og6KcIpk1vPVkfC8auRWA_24.png,"[[66.0, 0.0], [64.0, 66.0], [0.0, 66.0], [2.0, 2.0]]",True
1dpJ7hHZtzjF7oz_qIfyDQ_108.png,"[[25.0, 2.0], [87.0, 23.0], [66.0, 86.0], [3.0, 67.0]]",True
1j3CPmAeIgDXyRYq70cG0Q_81.png,"[[33.0, 0.0], [115.0, 34.0], [86.0, 117.0], [3.0, 82.0]]",True
1kbxX8m_KIe7uL0J0QONgQ_92.png,"[[52.0, 0.0], [52.0, 52.0], [0.0, 52.0], [1.0, 0.0]]",True
1x2rU_0GGfskEMiyB5SDiQ_62.png,"[[40.0, 0.0], [135.0, 42.0], [109.0, 139.0], [7.0, 103.0]]",True
1xTuWZYV9jFraS-q5crArg_44.png,"[[43.0, 1.0], [133.0, 38.0], [89.0, 132.0], [0.0, 94.0]]",True
1xTuWZYV9jFraS-q5crArg_52.png,"[[37.0, 4.0], [135.0, 40.0], [97.0, 133.0], [1.0, 102.0]]",True
2-nBH8NXxGFPCoSk4T_s1g_46.png,"[[12.0, 0.0], [43.0, 11.0], [31.0, 43.0], [0.0, 32.0]]",True
27vIp8l4Z0R_9wah5ccieQ_155.png,"[[175.0, 7.0], [173.0, 175.0], [0.0, 170.0], [5.0, 6.0]]",True
2EG-9qqAB81t0bjWF0iS9Q_66.png,"[[25.0, 1.0], [83.0, 25.0], [56.0, 83.0], [2.0, 60.0]]",True
2EG-9qqAB81t0bjWF0iS9Q_77.png,"[[67.0, 4.0], [243.0, 68.0], [187.0, 250.0], [9.0, 178.0]]",True
2F347mUCp7cpMquLeeszGw_51.png,"[[30.0, 1.0], [88.0, 26.0], [66.0, 89.0], [2.0, 65.0]]",True
2K8S0ZRvSHjfm1PwtXl01Q_84.png,"[[37.0, 2.0], [127.0, 32.0], [94.0, 123.0], [4.0, 95.0]]",True
2LHkNHa8OVYbHgunfFbMoA_65.png,"[[46.0, 1.0], [47.0, 43.0], [3.0, 45.0], [1.0, 3.0]]",True
2S5RJ650snwQ_QjKZfd5FA_150.png,"[[74.0, 9.0], [287.0, 91.0], [224.0, 291.0], [10.0, 202.0]]",True
2SYXukg_XcwH7F-6qHAXDg_71.png,"[[22.0, 5.0], [75.0, 19.0], [56.0, 71.0], [1.0, 56.0]]",True
2T8whq-xxHa5T30ZxLlOTA_165.png,"[[35.0, 0.0], [106.0, 37.0], [76.0, 109.0], [3.0, 78.0]]",True
2VocUH1rhqljMer4lhI9zA_180.png,"[[61.0, 0.0], [62.0, 62.0], [1.0, 62.0], [1.0, 2.0]]",True
2aovwlhDcoCmfhTvTLuTsw_62.png,"[[73.0, 0.0], [77.0, 73.0], [3.0, 77.0], [0.0, 0.0]]",True
2aovwlhDcoCmfhTvTLuTsw_88.png,"[[123.0, 0.0], [127.0, 124.0], [3.0, 127.0], [0.0, 2.0]]",True
2qcUmv--pDVFBYtNUxYXIA_119.png,"[[100.0, 2.0], [102.0, 99.0], [3.0, 100.0], [0.0, 2.0]]",True
2sjuGKVUrK3MOEKjPXRjIw_74.png,"[[114.0, 0.0], [330.0, 102.0], [244.0, 337.0], [8.0, 232.0]]",True
2wDFHUSUHHGdCt7x6fOZVg_47.png,"[[86.0, 7.0], [276.0, 73.0], [194.0, 273.0], [0.0, 199.0]]",True
36iNN_5lKC_CrOiFjmcF9w_78.png,"[[18.0, 3.0], [61.0, 17.0], [47.0, 60.0], [4.0, 45.0]]",True
39FHkg5ZmNCokV4koVRi5w_54.png,"[[47.0, 1.0], [45.0, 47.0], [0.0, 47.0], [0.0, 0.0]]",True
3Bm4_u-QI4QEKAS1SW2-Bg_58.png,"[[46.0, 5.0], [158.0, 52.0], [117.0, 156.0], [0.0, 108.0]]",True
3H-M6UGDv2zAbnU0NqqS7w_131.png,"[[50.0, 2.0], [48.0, 50.0], [0.0, 49.0], [2.0, 0.0]]",True
3IgDxpZltEd-WKPPZgmspA_95.png,"[[13.0, 1.0], [45.0, 12.0], [36.0, 48.0], [2.0, 33.0]]",True
3NwVbwOEUyJUwP0Dwk-FLw_25.png,"[[72.0, 0.0], [74.0, 72.0], [1.0, 74.0], [0.0, 1.0]]",True
3_7OqxqDr664Rzp1OlrOAA_47.png,"[[29.0, 2.0], [103.0, 29.0], [73.0, 102.0], [0.0, 74.0]]",True
3_8rnXk9KnloiAExBR326g_71.png,"[[70.0, 8.0], [232.0, 80.0], [159.0, 225.0], [0.0, 152.0]]",True
3mw1c-JXt8y1gRfVS_5lhg_30.png,"[[83.0, 1.0], [85.0, 85.0], [0.0, 85.0], [4.0, 4.0]]",True
3ns9j1AWybu9CW0Qk-gp1A_71.png,"[[145.0, 7.0], [152.0, 149.0], [9.0, 151.0], [0.0, 7.0]]",True
3uLNgOj-4iejrDtGB5HrQQ_70.png,"[[94.0, 3.0], [91.0, 94.0], [0.0, 93.0], [1.0, 0.0]]",True
3vs2sr7NNAnm43Y32qOggg_69.png,"[[60.0, 0.0], [60.0, 60.0], [1.0, 60.0], [0.0, 0.0]]",True
4-Z9ccQtdUCDk3EvLqZM0Q_43.png,"[[28.0, 0.0], [99.0, 31.0], [66.0, 99.0], [0.0, 69.0]]",True
44hbtj5aYLL9MHkUi1Eqbw_62.png,"[[117.0, 5.0], [117.0, 118.0], [1.0, 118.0], [2.0, 0.0]]",True
46cG5n9hdXbsMiOhFKFZ2A_82.png,"[[44.0, 1.0], [155.0, 43.0], [114.0, 154.0], [2.0, 115.0]]",True
4Bw74lKT05XiX9rVfiNC-Q_89.png,"[[44.0, 0.0], [44.0, 44.0], [2.0, 44.0], [1.0, 0.0]]",True
4h-D4r13ViNWvdqZFFFyhw_46.png,"[[74.0, 2.0], [243.0, 60.0], [170.0, 243.0], [5.0, 170.0]]",True
4nwhXaqbkc0CQSnONaecGg_198.png,"[[22.0, 2.0], [76.0, 20.0], [55.0, 74.0], [0.0, 55.0]]",True
4wzRVZIO8BqNp9Gt8WTNoA_98.png,"[[44.0, 12.0], [167.0, 53.0], [134.0, 163.0], [9.0, 120.0]]",True
5-c8RAFQovjJS6TeKV2ANA_61.png,"[[16.0, 3.0], [59.0, 15.0], [43.0, 59.0], [1.0, 45.0]]",True
51RM_N9F5gGELxTCClEtOQ_67.png,"[[117.0, 3.0], [114.0, 118.0], [0.0, 112.0], [3.0, 3.0]]",True
537QZnJ61xU2owhY_QHH-w_99.png,"[[126.0, 4.0], [126.0, 125.0], [6.0, 124.0], [4.0, 2.0]]",True
5Bajm6UD1iCaOYdm93r37Q_36.png,"[[68.0, 20.0], [293.0, 78.0], [241.0, 294.0], [18.0, 231.0]]",True
5Ch4ZXyGsdwj7vVjkzV-7w_54.png,"[[90.0, 6.0], [93.0, 86.0], [2.0, 89.0], [0.0, 7.0]]",True
5UIDjjCd-ZX6kIIlUIqY-A_37.png,"[[26.0, 0.0], [72.0, 24.0], [51.0, 75.0], [3.0, 55.0]]",True
5X_nZuTXZlLoh9VXWjzVqA_69.png,"[[169.0, 1.0], [176.0, 172.0], [6.0, 177.0], [1.0, 6.0]]",True
5dDIWi7JP6u_MFChxq-m_g_105.png,"[[31.0, 6.0], [114.0, 35.0], [81.0, 113.0], [2.0, 83.0]]",True
5dWjYSSEqHntqXw9kEpRMQ_72.png,"[[74.0, 1.0], [80.0, 78.0], [6.0, 77.0], [2.0, 4.0]]",True
5uzx_96laA0A_t7u3vRTyA_54.png,"[[26.0, 1.0], [101.0, 29.0], [78.0, 101.0], [1.0, 75.0]]",True
65asDqGz7fy9JSjIfNCoVw_43.png,"[[59.0, 3.0], [59.0, 59.0], [1.0, 59.0], [0.0, 3.0]]",True
66z2DX6Z2pWU5n-P8rfD3Q_42.png,"[[21.0, 0.0], [71.0, 18.0], [51.0, 72.0], [1.0, 52.0]]",True
66z2DX6Z2pWU5n-P8rfD3Q_53.png,"[[16.0, 1.0], [49.0, 12.0], [38.0, 48.0], [1.0, 37.0]]",True
6F3GrKIsFJHL0N_-0d79Xw_34.png,"[[109.0, 0.0], [109.0, 109.0], [0.0, 109.0], [0.0, 0.0]]",True
6VmQv7eJ7lM2U9-_0Zobtw_69.png,"[[63.0, 0.0], [62.0, 63.0], [2.0, 63.0], [0.0, 1.0]]",True
6jhm5ZgtHTnWZmL6_8XOSw_46.png,"[[43.0, 5.0], [158.0, 43.0], [125.0, 163.0], [10.0, 124.0]]",True
6kT-_TTvkewnHCGvhiWqqw_133.png,"[[74.0, 1.0], [74.0, 70.0], [0.0, 74.0], [0.0, 5.0]]",True
6obAf9CRQh_dBFHPAIiRFQ_94.png,"[[39.0, 0.0], [39.0, 39.0], [0.0, 39.0], [1.0, 0.0]]",True
6rsnJyxDTX9haI0tO5HzMA_88.png,"[[60.0, 5.0], [213.0, 59.0], [158.0, 212.0], [7.0, 156.0]]",True
6xpVHx8zzJZtZy63ozt_Vw_43.png,"[[42.0, 0.0], [112.0, 41.0], [72.0, 113.0], [1.0, 72.0]]",True
6yxPKoSb6kedq2UU_A7eiA_52.png,"[[28.0, 0.0], [98.0, 33.0], [72.0, 101.0], [4.0, 74.0]]",True
76m3k3z9sKmFUPU7r68BMQ_21.png,"[[33.0, 0.0], [114.0, 29.0], [90.0, 123.0], [4.0, 81.0]]",True
7FD9JXwpQZhDmN7h7Etyjg_37.png,"[[24.0, 0.0], [79.0, 24.0], [57.0, 79.0], [0.0, 58.0]]",True
7R-zJWxj5NbdBDSFtX4HLw_101.png,"[[177.0, 10.0], [180.0, 167.0], [7.0, 173.0], [14.0, 5.0]]",True
7T8oMowBrxtLZm9iYzFpJw_42.png,"[[155.0, 7.0], [157.0, 156.0], [8.0, 159.0], [2.0, 10.0]]",True
7gJ7vetwm9lWp0IfPs33ZQ_78.png,"[[197.0, 12.0], [197.0, 201.0], [18.0, 202.0], [10.0, 5.0]]",True
7gJ7vetwm9lWp0IfPs33ZQ_96.png,"[[194.0, 11.0], [187.0, 187.0], [7.0, 190.0], [10.0, 4.0]]",True
7hyE5fSuPAD_H5nREI5PBQ_14.png,"[[52.0, 0.0], [49.0, 52.0], [0.0, 52.0], [0.0, 4.0]]",True
7jftBbP7AUjfGs_Dl7bqAA_58.png,"[[32.0, 3.0], [105.0, 31.0], [74.0, 105.0], [0.0, 72.0]]",True
7kLBtcmGfXrVc6DzthnNPA_128.png,"[[40.0, 0.0], [40.0, 40.0], [0.0, 40.0], [0.0, 0.0]]",True
7kLBtcmGfXrVc6DzthnNPA_56.png,"[[44.0, 2.0], [44.0, 43.0], [0.0, 43.0], [0.0, 2.0]]",True
7pfny2r-I5nptvJD3wivrw_35.png,"[[35.0, 1.0], [102.0, 33.0], [72.0, 102.0], [0.0, 68.0]]",True
7t8kiVQJhyVJz9s0AbALuA_53.png,"[[85.0, 0.0], [88.0, 89.0], [7.0, 90.0], [3.0, 0.0]]",True
85Zk_tpWlOOt5vwCz05opg_27.png,"[[55.0, 0.0], [190.0, 57.0], [138.0, 191.0], [2.0, 131.0]]",True
86kzDbR490a5HnZJvytT2A_33.png,"[[44.0, 1.0], [46.0, 46.0], [2.0, 46.0], [0.0, 1.0]]",True
8CvaYyTKsEQ6lI8DysjvyQ_91.png,"[[73.0, 17.0], [299.0, 83.0], [251.0, 303.0], [19.0, 239.0]]",True
8DIhvJHkdY2vgnvppGq3Jw_41.png,"[[64.0, 18.0], [264.0, 67.0], [220.0, 258.0], [11.0, 200.0]]",True
8I_rmbcn4jA0RL_IHaIEHw_84.png,"[[50.0, 1.0], [50.0, 49.0], [0.0, 49.0], [1.0, 1.0]]",True
8I_rmbcn4jA0RL_IHaIEHw_95.png,"[[101.0, 4.0], [99.0, 99.0], [0.0, 96.0], [3.0, 2.0]]",True
8I_rmbcn4jA0RL_IHaIEHw_96.png,"[[132.0, 1.0], [135.0, 131.0], [5.0, 134.0], [0.0, 3.0]]",True
8f_Hj3yXxytFpHt9HZvLVA_133.png,"[[44.0, 0.0], [44.0, 43.0], [0.0, 41.0], [1.0, 0.0]]",True
8f_Hj3yXxytFpHt9HZvLVA_134.png,"[[58.0, 2.0], [56.0, 58.0], [0.0, 58.0], [3.0, 0.0]]",True
8rhjfirWrlVPBe8GsK6doQ_151.png,"[[63.0, 0.0], [66.0, 63.0], [1.0, 66.0], [0.0, 1.0]]",True
9O8nMNQ2MBPotHuVNxKUrA_47.png,"[[14.0, 0.0], [47.0, 10.0], [36.0, 50.0], [0.0, 38.0]]",True
9eEKDwGQfWZMS8l7sD4Hog_49.png,"[[50.0, 1.0], [51.0, 51.0], [3.0, 51.0], [0.0, 2.0]]",True
9eEKDwGQfWZMS8l7sD4Hog_81.png,"[[25.0, 4.0], [91.0, 29.0], [69.0, 90.0], [0.0, 68.0]]",True
9sMVBYQQLEnG-uVGqfoJOg_75.png,"[[62.0, 2.0], [62.0, 62.0], [0.0, 62.0], [2.0, 0.0]]",True
9wegYvdX8QU9Lq-QRUlKNQ_53.png,"[[40.0, 8.0], [144.0, 40.0], [112.0, 141.0], [5.0, 111.0]]",True
9x_H73oPdS9F_KsBRIC9cg_120.png,"[[96.0, 0.0], [100.0, 98.0], [3.0, 101.0], [2.0, 6.0]]",True
9x_H73oPdS9F_KsBRIC9cg_143.png,"[[131.0, 7.0], [129.0, 125.0], [5.0, 129.0], [4.0, 2.0]]",True
A0I9ILPI9c7E0ttN48_tfg_127.png,"[[89.0, 0.0], [89.0, 89.0], [3.0, 89.0], [1.0, 5.0]]",True
ADfC3Jx1ZHUuslYdi7GixQ_76.png,"[[30.0, 0.0], [77.0, 28.0], [60.0, 88.0], [11.0, 61.0]]",True
AF7iLSq2qrIYDW6nw56jrw_40.png,"[[48.0, 1.0], [48.0, 48.0], [0.0, 48.0], [0.0, 1.0]]",True
AF7iLSq2qrIYDW6nw56jrw_59.png,"[[49.0, 1.0], [49.0, 48.0], [0.0, 49.0], [6.0, 1.0]]",True
AFxtVZWsH26CsOCZaV_4rg_159.png,"[[23.0, 0.0], [72.0, 23.0], [51.0, 73.0], [1.0, 50.0]]",True
AGkjJ3IXuKOaZkwXBaAj3Q_33.png,"[[37.0, 5.0], [126.0, 35.0], [97.0, 132.0], [6.0, 99.0]]",True
AJtmx3jdDezLWPxo3kHtuA_31.png,"[[52.0, 2.0], [138.0, 30.0], [99.0, 137.0], [3.0, 98.0]]",True
AMgWF_US_lKzSezYU42qCw_41.png,"[[38.0, 2.0], [141.0, 39.0], [101.0, 140.0], [1.0, 101.0]]",True
AMgWF_US_lKzSezYU42qCw_49.png,"[[49.0, 5.0], [162.0, 48.0], [113.0, 156.0], [0.0, 117.0]]",True
AMgWF_US_lKzSezYU42qCw_80.png,"[[30.0, 1.0], [110.0, 32.0], [83.0, 109.0], [1.0, 77.0]]",True
ANcHpO5_Twwc5CoCbb8MAg_20.png,"[[36.0, 6.0], [145.0, 40.0], [107.0, 143.0], [5.0, 109.0]]",True
AOZ09bd4dc-l5BJcqI8bKA_29.png,"[[110.0, 0.0], [108.0, 111.0], [1.0, 111.0], [6.0, 1.0]]",True
AYj6Xzng6mC2HB7MOuphgA_73.png,"[[122.0, 0.0], [122.0, 119.0], [0.0, 122.0], [0.0, 0.0]]",True
AkkuDIwSxv9EXaDpCew1uw_39.png,"[[41.0, 0.0], [151.0, 41.0], [110.0, 155.0], [4.0, 109.0]]",True
Ama8nYkJMopYyjgb-CUSYg_59.png,"[[23.0, 1.0], [81.0, 23.0], [60.0, 81.0], [1.0, 59.0]]",True
At3f2dbkQWF-dYlp7TOzjw_65.png,"[[47.0, 0.0], [48.0, 48.0], [2.0, 48.0], [0.0, 0.0]]",True
B-CFd11v9pnk_sJAbALk-A_46.png,"[[60.0, 1.0], [238.0, 74.0], [191.0, 250.0], [8.0, 179.0]]",True
B8us7fIegpDX1usB_WGI8Q_64.png,"[[18.0, 0.0], [66.0, 19.0], [50.0, 67.0], [0.0, 49.0]]",True
BAibCZBvK_0srSiX8oEu0g_44.png,"[[58.0, 8.0], [213.0, 67.0], [152.0, 205.0], [1.0, 147.0]]",True
BGOF3hTsm5ix6dbibGEPzA_84.png,"[[24.0, 1.0], [89.0, 28.0], [64.0, 90.0], [2.0, 63.0]]",True
BMRNPyuEDzQIItB6MVQcEg_53.png,"[[57.0, 0.0], [59.0, 59.0], [0.0, 59.0], [2.0, 1.0]]",True
BMRNPyuEDzQIItB6MVQcEg_54.png,"[[16.0, 1.0], [49.0, 17.0], [35.0, 49.0], [0.0, 34.0]]",True
Bam3kBCRBlR5fjh7oquMLQ_108.png,"[[75.0, 0.0], [76.0, 75.0], [2.0, 76.0], [0.0, 1.0]]",True
Bh36Ed4HBJatMpSNnFTgTw_30.png,"[[43.0, 1.0], [44.0, 44.0], [1.0, 44.0], [0.0, 1.0]]",True
Btk6vg8mxsS2XxXaAJoGWQ_76.png,"[[66.0, 0.0], [66.0, 67.0], [1.0, 67.0], [1.0, 0.0]]",True
Btk6vg8mxsS2XxXaAJoGWQ_84.png,"[[60.0, 2.0], [60.0, 60.0], [0.0, 60.0], [0.0, 4.0]]",True
C-KJRS0ua-1Lw0Aydn1_Rw_64.png,"[[44.0, 2.0], [150.0, 42.0], [106.0, 149.0], [1.0, 111.0]]",True
C-KJRS0ua-1Lw0Aydn1_Rw_78.png,"[[47.0, 2.0], [162.0, 48.0], [120.0, 169.0], [7.0, 119.0]]",True
C1piGGdcyu9S2axCrGnY-w_69.png,"[[56.0, 8.0], [208.0, 58.0], [159.0, 205.0], [3.0, 140.0]]",True
CCBhL61_ciEL6aJsNioCGg_20.png,"[[30.0, 1.0], [115.0, 32.0], [82.0, 115.0], [0.0, 86.0]]",True
CJRlYnqavEo63igHCmLbDA_17.png,"[[32.0, 4.0], [127.0, 37.0], [98.0, 127.0], [4.0, 95.0]]",True
CLFbft5RRtYrY7RWseZEOA_125.png,"[[23.0, 2.0], [89.0, 26.0], [68.0, 87.0], [3.0, 67.0]]",True
CYDq48nyNlpNd95K5xxTJQ_19.png,"[[31.0, 2.0], [101.0, 26.0], [76.0, 99.0], [2.0, 75.0]]",True
CYDq48nyNlpNd95K5xxTJQ_31.png,"[[42.0, 0.0], [117.0, 43.0], [77.0, 117.0], [0.0, 74.0]]",True
Ca6UlrdMlcaPEauxJ22onw_30.png,"[[20.0, 0.0], [50.0, 17.0], [40.0, 58.0], [7.0, 41.0]]",True
CsMq_pP-9tvMEHJdudDReQ_32.png,"[[84.0, 6.0], [284.0, 79.0], [198.0, 278.0], [0.0, 206.0]]",True
Ct1qWBDWUkQzPdKbZEPitw_47.png,"[[126.0, 0.0], [128.0, 122.0], [3.0, 128.0], [0.0, 4.0]]",True
CuKpPvSxlQJjGS4VAzONOQ_27.png,"[[51.0, 0.0], [51.0, 51.0], [0.0, 51.0], [0.0, 0.0]]",True
CuYDllg70Z1moLuaos_fFA_54.png,"[[33.0, 4.0], [123.0, 34.0], [94.0, 128.0], [4.0, 96.0]]",True
CvdbOUHoeh7UVjSwCQqDRg_48.png,"[[32.0, 3.0], [103.0, 25.0], [77.0, 103.0], [3.0, 76.0]]",True
D-yLWIi0zoV0NsyC4PjIgg_56.png,"[[14.0, 4.0], [72.0, 18.0], [61.0, 72.0], [5.0, 61.0]]",True
D326cunV3ggIbNTe4CSIUA_36.png,"[[44.0, 0.0], [47.0, 45.0], [5.0, 47.0], [2.0, 3.0]]",True
D326cunV3ggIbNTe4CSIUA_67.png,"[[45.0, 1.0], [45.0, 44.0], [1.0, 45.0], [1.0, 1.0]]",True
DCqG6kYzu-HNpD1fQIQ1QQ_21.png,"[[56.0, 1.0], [54.0, 54.0], [0.0, 54.0], [2.0, 0.0]]",True
DFcz4YUamRB0NiND-FEgeg_89.png,"[[48.0, 2.0], [165.0, 45.0], [119.0, 165.0], [0.0, 122.0]]",True
DTvv5K8Fi2TgJQfgTYK9Mg_104.png,"[[25.0, 4.0], [88.0, 24.0], [65.0, 91.0], [4.0, 70.0]]",True
DUJFd1bee3ioUOwzv2DHcA_18.png,"[[23.0, 3.0], [93.0, 27.0], [75.0, 93.0], [5.0, 76.0]]",True
DsoVFVudGT9Z-scWLtwcnQ_48.png,"[[54.0, 9.0], [174.0, 53.0], [129.0, 168.0], [6.0, 124.0]]",True
DsoVFVudGT9Z-scWLtwcnQ_58.png,"[[35.0, 2.0], [103.0, 31.0], [73.0, 102.0], [2.0, 71.0]]",True
DyoDyw3ixMB7GBWfFoGoOQ_30.png,"[[24.0, 0.0], [76.0, 19.0], [57.0, 77.0], [4.0, 57.0]]",True
E-hzChSnf0BK-2suqz-3zQ_45.png,"[[46.0, 3.0], [161.0, 44.0], [114.0, 161.0], [0.0, 119.0]]",True
E1JTDP44ybad_A1bQm4WdQ_102.png,"[[34.0, 1.0], [116.0, 31.0], [83.0, 113.0], [0.0, 81.0]]",True
E5JafHYR1pLxAukwSfN7oA_42.png,"[[20.0, 0.0], [48.0, 19.0], [28.0, 49.0], [1.0, 33.0]]",True
EFEX5zj0s6gqPNdfoOu64Q_88.png,"[[29.0, 16.0], [134.0, 30.0], [116.0, 130.0], [13.0, 113.0]]",True
EVtKhKSFzMkTq4Ful1eglA_231.png,"[[47.0, 4.0], [159.0, 43.0], [117.0, 156.0], [1.0, 111.0]]",True
EXblnHA2G27C4miy25Td7g_75.png,"[[128.0, 2.0], [128.0, 125.0], [2.0, 124.0], [0.0, 6.0]]",True
EeTA5iKS-DVj9z2aFtcPOg_76.png,"[[32.0, 2.0], [123.0, 33.0], [96.0, 124.0], [3.0, 88.0]]",True
EgKb4aX42k71H5PTJVjpdQ_34.png,"[[121.0, 1.0], [416.0, 130.0], [306.0, 421.0], [5.0, 296.0]]",True
FBgmb5iq7oN_76PQ5o87Jg_65.png,"[[85.0, 2.0], [304.0, 87.0], [210.0, 303.0], [0.0, 208.0]]",True
FEFMSpLpiqxEDbOgk834og_65.png,"[[57.0, 0.0], [60.0, 59.0], [4.0, 61.0], [2.0, 3.0]]",True
FOk5ffYhYgQbJBawL3jkBQ_61.png,"[[337.0, 4.0], [320.0, 346.0], [13.0, 346.0], [18.0, 9.0]]",True
FRBQhDlsWV081PlhhrtIVA_45.png,"[[76.0, 3.0], [227.0, 65.0], [151.0, 229.0], [3.0, 166.0]]",True
FVBORT9Sq5m1V5VnvGnB7Q_44.png,"[[34.0, 6.0], [131.0, 38.0], [103.0, 129.0], [6.0, 97.0]]",True
FXfXeLO7MEXvsC4BddAldg_41.png,"[[60.0, 0.0], [60.0, 60.0], [1.0, 60.0], [5.0, 1.0]]",True
FqWfQd41ToSuqbXaOzEC1w_43.png,"[[51.0, 12.0], [50.0, 51.0], [0.0, 49.0], [0.0, 0.0]]",True
G3Hkhefb5H5N-dfvEckcvA_78.png,"[[55.0, 2.0], [54.0, 55.0], [0.0, 55.0], [1.0, 0.0]]",True
GBwE_m1mkNybQjPOMwFsow_38.png,"[[15.0, 1.0], [56.0, 20.0], [44.0, 56.0], [0.0, 43.0]]",True
GFXWdx8qR_gk3n7Felvt4w_47.png,"[[45.0, 0.0], [109.0, 46.0], [63.0, 112.0], [3.0, 63.0]]",True
GHCvyiRCWSKewA99--Eypw_79.png,"[[61.0, 13.0], [211.0, 58.0], [163.0, 203.0], [3.0, 155.0]]",True
GJ3eNVFHzyGfnlnkeQHb-w_35.png,"[[55.0, 2.0], [55.0, 55.0], [0.0, 55.0], [2.0, 1.0]]",True
GJ3eNVFHzyGfnlnkeQHb-w_65.png,"[[101.0, 2.0], [99.0, 100.0], [0.0, 99.0], [2.0, 2.0]]",True
GSP3AcycpMqCrGPnD7Qd6g_124.png,"[[26.0, 2.0], [87.0, 24.0], [63.0, 88.0], [3.0, 64.0]]",True
GnAend3LgvSSZVpje2pmJQ_41.png,"[[41.0, 0.0], [41.0, 41.0], [0.0, 41.0], [0.0, 0.0]]",True
GpuC5t6hmKgKs_FkP3uEjg_36.png,"[[107.0, 9.0], [371.0, 95.0], [275.0, 364.0], [10.0, 277.0]]",True
GqY6-_OXfFAG8VFuqoXirQ_34.png,"[[67.0, 0.0], [67.0, 68.0], [1.0, 65.0], [1.0, 0.0]]",True
GwcZMiUBZ3jRj3sGwVFrHA_206.png,"[[70.0, 2.0], [67.0, 70.0], [0.0, 69.0], [1.0, 2.0]]",True
HAuRqtQDQA14ypVQNCMLlA_57.png,"[[39.0, 5.0], [134.0, 40.0], [101.0, 131.0], [0.0, 95.0]]",True
HDUEJ_dbahlyQMz1Hecp_Q_87.png,"[[36.0, 5.0], [149.0, 42.0], [113.0, 149.0], [4.0, 111.0]]",True
HQ2BD-hNOBK9Rc04tUV-Yw_15.png,"[[21.0, 3.0], [75.0, 20.0], [56.0, 76.0], [0.0, 53.0]]",True
HRPEC4-hnhjEdJNPoAeUPg_71.png,"[[88.0, 0.0], [96.0, 93.0], [5.0, 95.0], [2.0, 4.0]]",True
Hifxn4el0FYvwwJOBygXZQ_66.png,"[[28.0, 1.0], [87.0, 26.0], [61.0, 87.0], [0.0, 60.0]]",True
Hm7Mj01F12esNsyFpgA3Nw_61.png,"[[73.0, 0.0], [75.0, 77.0], [1.0, 76.0], [3.0, 3.0]]",True
Hqo7YAWIURz7FdTwrPpNVg_59.png,"[[45.0, 8.0], [165.0, 45.0], [131.0, 169.0], [5.0, 127.0]]",True
HttRAXOZfhsGKU1bojHpbg_73.png,"[[64.0, 0.0], [65.0, 62.0], [1.0, 64.0], [0.0, 2.0]]",True
IBCZv5Ud2gujFLYPCv1hmA_12.png,"[[39.0, 1.0], [39.0, 39.0], [1.0, 39.0], [0.0, 0.0]]",True
IYSdM1nJ4ysJ8A2kFGxmAA_72.png,"[[61.0, 0.0], [60.0, 61.0], [0.0, 61.0], [1.0, 0.0]]",True
Ifa87jBAQV4lYyJF1tx1Zw_35.png,"[[107.0, 20.0], [396.0, 122.0], [315.0, 400.0], [11.0, 299.0]]",True
J2c0yZi6VbYGXlWZ08JfeA_74.png,"[[19.0, 0.0], [62.0, 20.0], [44.0, 62.0], [1.0, 45.0]]",True
J5xELEmjPR97pIbB_26iXA_56.png,"[[85.0, 3.0], [318.0, 97.0], [236.0, 320.0], [1.0, 210.0]]",True
J7HhQ7G_12WAg_wRzUvXDw_35.png,"[[61.0, 1.0], [193.0, 57.0], [133.0, 194.0], [2.0, 141.0]]",True
JPBeVkCwvECacinrcn_Sug_18.png,"[[40.0, 0.0], [40.0, 40.0], [0.0, 40.0], [1.0, 0.0]]",True
JgDn1SficqPKIVxzkgo74A_27.png,"[[38.0, 0.0], [138.0, 39.0], [101.0, 142.0], [2.0, 101.0]]",True
Jnt_XHqrNfSG4NhtfmdGbw_43.png,"[[44.0, 1.0], [44.0, 44.0], [1.0, 44.0], [0.0, 0.0]]",True
Jnt_XHqrNfSG4NhtfmdGbw_62.png,"[[42.0, 0.0], [42.0, 40.0], [0.0, 41.0], [0.0, 0.0]]",True
JtXi4F5qBcdL8RCTJcn5UA_56.png,"[[25.0, 4.0], [101.0, 25.0], [81.0, 105.0], [7.0, 80.0]]",True
Jtcob8sTMsjtV611tnG0vw_33.png,"[[110.0, 0.0], [111.0, 111.0], [0.0, 111.0], [0.0, 2.0]]",True
KAScOIJURohVt2eGFk2B8A_84.png,"[[65.0, 1.0], [185.0, 58.0], [125.0, 185.0], [0.0, 124.0]]",True
KLmNCg3Me1hMrVvJ3iZ_3g_35.png,"[[49.0, 0.0], [141.0, 35.0], [117.0, 149.0], [10.0, 106.0]]",True
KLmNCg3Me1hMrVvJ3iZ_3g_78.png,"[[63.0, 0.0], [152.0, 52.0], [113.0, 165.0], [14.0, 110.0]]",True
KNvSy5UziseuQkYKr-bPKA_130.png,"[[78.0, 2.0], [82.0, 84.0], [8.0, 84.0], [4.0, 2.0]]",True
KO_CYi1dAxvpAZjY9FC22A_58.png,"[[53.0, 0.0], [50.0, 53.0], [0.0, 53.0], [2.0, 0.0]]",True
KX-BgiQglZcryPJTkYxpXw_22.png,"[[43.0, 1.0], [155.0, 46.0], [115.0, 154.0], [0.0, 109.0]]",True
KqHfJksOIoOwaNjRN5vsSA_196.png,"[[62.0, 0.0], [193.0, 64.0], [131.0, 193.0], [0.0, 132.0]]",True
Kx4sO9bQFQ_rd39m6Z-idQ_45.png,"[[55.0, 7.0], [187.0, 58.0], [136.0, 184.0], [0.0, 133.0]]",True
L5k0TmlZR1Eex4wv3-UHiw_97.png,"[[58.0, 1.0], [57.0, 54.0], [4.0, 58.0], [0.0, 2.0]]",True
LFZ7gjqH7ln5QzeAJhZDNw_120.png,"[[39.0, 0.0], [144.0, 41.0], [112.0, 148.0], [3.0, 106.0]]",True
LYC9wH3XGAUMh7W7dp1PVA_119.png,"[[34.0, 0.0], [90.0, 29.0], [64.0, 95.0], [6.0, 65.0]]",True
LYGs9ImGQWYRTFkFOlNkFw_30.png,"[[42.0, 3.0], [157.0, 39.0], [116.0, 155.0], [2.0, 114.0]]",True
Lb6vxFkbGykAh3QvgPcqgA_95.png,"[[38.0, 0.0], [104.0, 33.0], [81.0, 115.0], [12.0, 85.0]]",True
LsEAawsij4susTvObdxNkg_15.png,"[[59.0, 2.0], [59.0, 59.0], [1.0, 58.0], [0.0, 1.0]]",True
Lsun1MjUpeU7igCzNk4h4Q_44.png,"[[208.0, 2.0], [200.0, 208.0], [9.0, 206.0], [9.0, 8.0]]",True
MF0JeDTRshpIZ8SYb7Sy1w_56.png,"[[52.0, 7.0], [190.0, 55.0], [145.0, 190.0], [5.0, 137.0]]",True
ML4Mc_KzhbzsUh_TXncHQw_63.png,"[[98.0, 49.0], [366.0, 91.0], [293.0, 336.0], [18.0, 296.0]]",True
MUHXr-UEqa6FVxooJsbOVw_107.png,"[[104.0, 2.0], [105.0, 107.0], [9.0, 106.0], [0.0, 6.0]]",True
MUct5GlWPXDBPW5uzqOowA_55.png,"[[46.0, 0.0], [48.0, 47.0], [2.0, 49.0], [1.0, 2.0]]",True
MwpNyMLugSzpsYyNPAlWwg_83.png,"[[68.0, 0.0], [222.0, 68.0], [159.0, 228.0], [8.0, 167.0]]",True
MxNt1upTL0OCHtPhIHecwg_59.png,"[[165.0, 13.0], [170.0, 163.0], [13.0, 164.0], [1.0, 6.0]]",True
N-EOss-IpACxkUm0pANtBw_103.png,"[[44.0, 0.0], [122.0, 45.0], [82.0, 122.0], [0.0, 81.0]]",True
N-EOss-IpACxkUm0pANtBw_81.png,"[[25.0, 1.0], [86.0, 25.0], [62.0, 85.0], [2.0, 62.0]]",True
N1Wmvfpqc5Ip8ZKDg9GAEw_36.png,"[[70.0, 20.0], [293.0, 81.0], [247.0, 295.0], [15.0, 230.0]]",True
N1Wmvfpqc5Ip8ZKDg9GAEw_55.png,"[[76.0, 0.0], [208.0, 61.0], [137.0, 210.0], [3.0, 143.0]]",True
NMYrixO1v9rQh9CiI2s_rA_137.png,"[[41.0, 2.0], [128.0, 35.0], [93.0, 127.0], [0.0, 95.0]]",True
NMv3UVTx5H1Smex0lWGLGA_102.png,"[[40.0, 0.0], [39.0, 40.0], [1.0, 40.0], [0.0, 0.0]]",True
NMv3UVTx5H1Smex0lWGLGA_169.png,"[[40.0, 0.0], [40.0, 40.0], [0.0, 40.0], [0.0, 0.0]]",True
NNu91UyJ-wex4ySaN8QSYQ_104.png,"[[45.0, 0.0], [140.0, 46.0], [96.0, 140.0], [1.0, 91.0]]",True
NUxPXP1HL80XSKIV9OeP7A_104.png,"[[100.0, 1.0], [102.0, 101.0], [5.0, 101.0], [0.0, 3.0]]",True
Nf8FP8TxnUGcVJV3nnCwSg_90.png,"[[98.0, 2.0], [95.0, 95.0], [0.0, 97.0], [2.0, 2.0]]",True
NxKTDjGHGNeaslIGgqd9XQ_38.png,"[[36.0, 6.0], [127.0, 36.0], [96.0, 126.0], [2.0, 90.0]]",True
O4-PSWOB84tIbzJFRpaXzg_16.png,"[[51.0, 6.0], [175.0, 50.0], [134.0, 172.0], [5.0, 131.0]]",True
O4d9rV5EARz2zDYDakezrA_41.png,"[[54.0, 0.0], [140.0, 52.0], [97.0, 140.0], [0.0, 86.0]]",True
OBY5YTkM3U4DOiRh4W4blQ_34.png,"[[55.0, 2.0], [56.0, 54.0], [4.0, 56.0], [2.0, 4.0]]",True
ODXCeg-xev2ic7VGFHKu2Q_131.png,"[[32.0, 2.0], [113.0, 33.0], [83.0, 113.0], [4.0, 83.0]]",True
ODXCeg-xev2ic7VGFHKu2Q_132.png,"[[37.0, 0.0], [117.0, 33.0], [81.0, 117.0], [0.0, 84.0]]",True
OVeovDPXEarvmqLkORkOkg_35.png,"[[78.0, 0.0], [78.0, 78.0], [0.0, 78.0], [0.0, 0.0]]",True
OVpMVJ6QT6oW4VMzynvFxA_58.png,"[[20.0, 0.0], [64.0, 23.0], [51.0, 69.0], [5.0, 50.0]]",True
Om6vUCEXcsrZS_AldhCuRw_76.png,"[[26.0, 1.0], [88.0, 23.0], [64.0, 90.0], [1.0, 65.0]]",True
OxhqTjr1WAQPisObWiv41Q_94.png,"[[106.0, 3.0], [106.0, 98.0], [2.0, 99.0], [0.0, 2.0]]",True
PCWhGiFuCVMfrfY7sE1h7g_55.png,"[[25.0, 1.0], [82.0, 25.0], [59.0, 81.0], [0.0, 57.0]]",True
PT3JKJ9rDOXOTTzxX65Wzw_40.png,"[[33.0, 0.0], [98.0, 27.0], [70.0, 98.0], [0.0, 74.0]]",True
PTWUmSMyW7LxEVmW-quJbA_77.png,"[[67.0, 0.0], [207.0, 67.0], [147.0, 207.0], [1.0, 142.0]]",True
PrKsuR1T0K0qxRt5lDUN9Q_111.png,"[[68.0, 0.0], [68.0, 69.0], [1.0, 69.0], [1.0, 1.0]]",True
Pzf12_rystHKkAf8BoP1xg_59.png,"[[55.0, 0.0], [56.0, 56.0], [1.0, 56.0], [0.0, 0.0]]",True
Pzf12_rystHKkAf8BoP1xg_77.png,"[[52.0, 1.0], [53.0, 50.0], [3.0, 53.0], [0.0, 5.0]]",True
Q6I4zxMM376kjtWRy27o3A_39.png,"[[37.0, 0.0], [100.0, 36.0], [73.0, 105.0], [5.0, 70.0]]",True
QDaGeEkUgdRJ0YjGIeKwbQ_56.png,"[[21.0, 0.0], [70.0, 20.0], [52.0, 71.0], [2.0, 50.0]]",True
QLIZfRZk1cN4oIdpFlXM-A_15.png,"[[40.0, 18.0], [171.0, 51.0], [141.0, 170.0], [11.0, 134.0]]",True
QR2C0o5SmGr5QW94ROt6PA_52.png,"[[137.0, 5.0], [140.0, 138.0], [5.0, 136.0], [0.0, 4.0]]",True
QS9W0S8DH6zf146XwO9zmg_127.png,"[[221.0, 12.0], [209.0, 221.0], [6.0, 215.0], [10.0, 5.0]]",True
Q_mdGQFBsis48KP71sBvmA_55.png,"[[19.0, 0.0], [60.0, 20.0], [44.0, 61.0], [1.0, 43.0]]",True
QaDqRouQXzAx2ZBOWnNI6A_48.png,"[[53.0, 0.0], [60.0, 57.0], [5.0, 60.0], [0.0, 2.0]]",True
QeYNYx5MMuuaooF95f7TMg_41.png,"[[24.0, 0.0], [90.0, 26.0], [68.0, 91.0], [2.0, 65.0]]",True
Qrz8zg6pBmtzIsXUK3I3xA_73.png,"[[37.0, 0.0], [143.0, 45.0], [100.0, 144.0], [2.0, 106.0]]",True
QxsgatOR2vxZPwBBzAIFEw_26.png,"[[65.0, 0.0], [65.0, 65.0], [0.0, 65.0], [0.0, 0.0]]",True
R0LF2x6W3BjkEC_DuX4BKA_71.png,"[[61.0, 14.0], [223.0, 66.0], [164.0, 220.0], [6.0, 164.0]]",True
R0LF2x6W3BjkEC_DuX4BKA_87.png,"[[67.0, 8.0], [201.0, 66.0], [134.0, 194.0], [0.0, 137.0]]",True
R77Lsl9YNYjCAr0jyLvocA_94.png,"[[16.0, 0.0], [58.0, 14.0], [43.0, 58.0], [0.0, 40.0]]",True
RDooaQlglgCwtqK_0na_tw_73.png,"[[43.0, 0.0], [44.0, 44.0], [2.0, 43.0], [0.0, 0.0]]",True
RGugxIDQ75IpGEha7SSs3Q_151.png,"[[56.0, 2.0], [57.0, 57.0], [2.0, 53.0], [1.0, 0.0]]",True
Rkt57B-hrUXrmLmZv7Fg0w_40.png,"[[165.0, 0.0], [170.0, 169.0], [3.0, 172.0], [2.0, 3.0]]",True
Rnd44l5YT6De9xazPe5gog_73.png,"[[32.0, 1.0], [85.0, 23.0], [58.0, 84.0], [0.0, 55.0]]",True
RvITnZzvMWgea-RFFZqlgg_16.png,"[[27.0, 1.0], [83.0, 25.0], [56.0, 82.0], [0.0, 55.0]]",True
S0hQUjJlDSPdAXSDyenAzw_74.png,"[[20.0, 8.0], [78.0, 24.0], [66.0, 78.0], [8.0, 62.0]]",True
S85Wc6wLl5q9TW3s-sF6ag_68.png,"[[55.0, 5.0], [220.0, 60.0], [171.0, 224.0], [5.0, 170.0]]",True
S8ZJTFTkl9Pv6F3hHpYQFA_32.png,"[[31.0, 0.0], [103.0, 29.0], [75.0, 103.0], [2.0, 76.0]]",True
SFhuI4R6dyCdgwFYmMeg7A_39.png,"[[72.0, 0.0], [211.0, 71.0], [159.0, 223.0], [10.0, 149.0]]",True
SGwZrkwLri4bKW6ta_4Udw_34.png,"[[43.0, 0.0], [123.0, 39.0], [93.0, 128.0], [10.0, 90.0]]",True
SKsgXJDeWJ1u0SO7Tg1P9w_68.png,"[[44.0, 5.0], [166.0, 45.0], [130.0, 167.0], [5.0, 127.0]]",True
SOlz2Z5KJkaOqDuCrHVtNA_31.png,"[[22.0, 0.0], [79.0, 22.0], [59.0, 80.0], [2.0, 57.0]]",True
SQusT4Dst59UaqYOmvfJiw_54.png,"[[23.0, 0.0], [72.0, 25.0], [52.0, 73.0], [2.0, 50.0]]",True
Si6WGCLGvBfF678M_tH6Xg_58.png,"[[26.0, 0.0], [92.0, 28.0], [67.0, 92.0], [1.0, 66.0]]",True
Si_S5wGXrqP2jpAAbUJe0Q_104.png,"[[31.0, 4.0], [108.0, 27.0], [76.0, 106.0], [0.0, 79.0]]",True
T0kvHFtwoqL3HH44FpBzOg_78.png,"[[27.0, 0.0], [83.0, 25.0], [59.0, 83.0], [0.0, 56.0]]",True
TJ_7Td9UyfbwnVeoZJkSGA_29.png,"[[217.0, 6.0], [307.0, 233.0], [67.0, 316.0], [13.0, 48.0]]",True
TOG6XVbqL8K4tB0Jxmvfeg_32.png,"[[41.0, 1.0], [41.0, 41.0], [0.0, 41.0], [1.0, 0.0]]",True
TOiDPtA65Zk_Gw7dB1tvPQ_20.png,"[[39.0, 0.0], [40.0, 40.0], [0.0, 40.0], [0.0, 0.0]]",True
TOiDPtA65Zk_Gw7dB1tvPQ_47.png,"[[52.0, 4.0], [52.0, 52.0], [1.0, 50.0], [1.0, 0.0]]",True
TQmPHqw5m0yajVX7gwPUqA_78.png,"[[78.0, 3.0], [80.0, 82.0], [2.0, 81.0], [0.0, 5.0]]",True
TXJ69mYIQ0E7gxDdrj-yhg_95.png,"[[23.0, 1.0], [78.0, 23.0], [56.0, 78.0], [3.0, 57.0]]",True
TY-UedERvJYCp8DY_jvhhQ_60.png,"[[12.0, 1.0], [43.0, 13.0], [33.0, 43.0], [0.0, 33.0]]",True
TZYfjQAGda3IEw0bVvjEjg_34.png,"[[42.0, 6.0], [160.0, 45.0], [138.0, 169.0], [21.0, 139.0]]",True
TepH4H6H3wUDn7-saSmP1w_53.png,"[[82.0, 2.0], [82.0, 81.0], [0.0, 80.0], [3.0, 2.0]]",True
Tji-mT9uSpJBrkpgiOYh0w_65.png,"[[37.0, 0.0], [144.0, 46.0], [112.0, 145.0], [4.0, 99.0]]",True
Tji-mT9uSpJBrkpgiOYh0w_76.png,"[[53.0, 1.0], [145.0, 44.0], [97.0, 145.0], [0.0, 100.0]]",True
TnlDyLFffwEXFAqJsZ3aNQ_47.png,"[[26.0, 1.0], [87.0, 29.0], [70.0, 88.0], [2.0, 62.0]]",True
Tzm5TancJ7baQTxqQmZ3mw_65.png,"[[38.0, 6.0], [131.0, 42.0], [100.0, 133.0], [5.0, 99.0]]",True
UBIvxL7vhMgsQCdwkJkydA_57.png,"[[14.0, 0.0], [56.0, 15.0], [43.0, 57.0], [0.0, 42.0]]",True
UN-oSkMKy7pPrGC9ePfIxQ_66.png,"[[104.0, 1.0], [107.0, 106.0], [1.0, 107.0], [0.0, 3.0]]",True
UW_nxq125DOkfnA8ykgwcQ_49.png,"[[89.0, 13.0], [339.0, 101.0], [251.0, 321.0], [16.0, 243.0]]",True
UX0PA0bLZuqspvzEp0OPXA_81.png,"[[242.0, 4.0], [239.0, 239.0], [3.0, 240.0], [0.0, 11.0]]",True
Ua7brqtsfyKThQ5Z_Ksb3A_126.png,"[[18.0, 0.0], [56.0, 17.0], [40.0, 57.0], [2.0, 41.0]]",True
UcmxomH4-3VAy9-D1K7pvA_36.png,"[[61.0, 17.0], [248.0, 76.0], [203.0, 244.0], [14.0, 185.0]]",True
UulKP9nRwQg40MEjdDoyNw_66.png,"[[77.0, 2.0], [77.0, 75.0], [2.0, 75.0], [0.0, 2.0]]",True
UvH8lCiI1Xb6nWnp3XIZMQ_49.png,"[[72.0, 7.0], [259.0, 67.0], [194.0, 246.0], [0.0, 185.0]]",True
V3S7-lxOIanz8iPjzyCQag_50.png,"[[23.0, 0.0], [82.0, 23.0], [63.0, 82.0], [0.0, 60.0]]",True
VBB7uhbdiGQLLKOqgh8CCg_34.png,"[[46.0, 2.0], [150.0, 45.0], [104.0, 154.0], [5.0, 109.0]]",True
VcpfW90Tqsf-Vc9uS2FZeg_137.png,"[[105.0, 1.0], [103.0, 104.0], [0.0, 105.0], [6.0, 1.0]]",True
VrrR0cYt44VyhzWkngIXFA_63.png,"[[98.0, 3.0], [96.0, 98.0], [0.0, 94.0], [1.0, 3.0]]",True
VthUDkfFIZZuHXPNPGuGtg_20.png,"[[106.0, 2.0], [368.0, 121.0], [273.0, 370.0], [0.0, 241.0]]",True
VxOap1TpJPgp-_IOc8Nt3g_35.png,"[[47.0, 1.0], [153.0, 44.0], [110.0, 154.0], [4.0, 112.0]]",True
W66_i3NBc8bUFcprV9SMRg_56.png,"[[64.0, 5.0], [230.0, 69.0], [177.0, 233.0], [6.0, 165.0]]",True
WLWEveQarHZbL7EoAmeY8A_91.png,"[[32.0, 5.0], [124.0, 33.0], [98.0, 124.0], [4.0, 97.0]]",True
WLWEveQarHZbL7EoAmeY8A_96.png,"[[96.0, 6.0], [124.0, 93.0], [33.0, 122.0], [5.0, 31.0]]",True
WMrfvYtbtqS-MVvRXaqgLA_22.png,"[[48.0, 1.0], [46.0, 48.0], [0.0, 47.0], [2.0, 1.0]]",True
WQ_898eWDloa1XHpnyAoKw_36.png,"[[145.0, 5.0], [143.0, 138.0], [0.0, 135.0], [6.0, 2.0]]",True
WSf1XXoWObPtbsyTcQkS1A_46.png,"[[32.0, 4.0], [127.0, 37.0], [101.0, 132.0], [5.0, 90.0]]",True
WV0UnIJ2KtrU-KWt4u9NMg_69.png,"[[31.0, 1.0], [105.0, 31.0], [75.0, 106.0], [1.0, 75.0]]",True
WX7pzkLkeny32OZJEJmHcA_68.png,"[[149.0, 6.0], [147.0, 153.0], [1.0, 144.0], [2.0, 0.0]]",True
WX7pzkLkeny32OZJEJmHcA_80.png,"[[41.0, 1.0], [41.0, 41.0], [0.0, 41.0], [3.0, 0.0]]",True
WX7pzkLkeny32OZJEJmHcA_98.png,"[[125.0, 6.0], [118.0, 121.0], [4.0, 123.0], [5.0, 3.0]]",True
WZW-sT3UBZNIhS33ABGtRA_49.png,"[[43.0, 0.0], [102.0, 36.0], [89.0, 128.0], [24.0, 89.0]]",True
Weu40jd3O6mQSHSx4jhJ8g_28.png,"[[63.0, 1.0], [206.0, 62.0], [147.0, 205.0], [0.0, 143.0]]",True
WpzApcvYvcF_epThu0krIA_19.png,"[[18.0, 2.0], [56.0, 19.0], [43.0, 56.0], [0.0, 40.0]]",True
X16ARY-WQbxNFBiWjZfwPQ_79.png,"[[71.0, 1.0], [73.0, 74.0], [1.0, 73.0], [1.0, 0.0]]",True
XD5hNTGGRnSDKMNb6oOecQ_90.png,"[[98.0, 4.0], [100.0, 101.0], [1.0, 99.0], [1.0, 2.0]]",True
XNepmDi2Vts_OaSn6Og7ng_66.png,"[[56.0, 0.0], [56.0, 56.0], [0.0, 56.0], [1.0, 0.0]]",True
XNepmDi2Vts_OaSn6Og7ng_74.png,"[[46.0, 1.0], [46.0, 46.0], [0.0, 46.0], [1.0, 1.0]]",True
XNepmDi2Vts_OaSn6Og7ng_94.png,"[[57.0, 1.0], [57.0, 56.0], [0.0, 57.0], [0.0, 1.0]]",True
XXqp9zGhtN3fFEHUygQSUw_65.png,"[[22.0, 5.0], [84.0, 22.0], [64.0, 83.0], [4.0, 64.0]]",True
XXqp9zGhtN3fFEHUygQSUw_86.png,"[[42.0, 0.0], [142.0, 43.0], [99.0, 142.0], [0.0, 99.0]]",True
Xq_rSKcFlTuMVmAxWYGShQ_102.png,"[[127.0, 5.0], [127.0, 123.0], [0.0, 123.0], [1.0, 2.0]]",True
XthjfojJOhXEXJI2l9nbvg_64.png,"[[38.0, 0.0], [133.0, 41.0], [97.0, 136.0], [1.0, 95.0]]",True
Xuy2YiKJgPZOnm3SV3DUcw_46.png,"[[77.0, 2.0], [77.0, 78.0], [3.0, 78.0], [1.0, 3.0]]",True
XwvQfiTzXSJHPHOf_ywCuQ_64.png,"[[117.0, 0.0], [118.0, 117.0], [5.0, 113.0], [0.0, 0.0]]",True
Y7XUYhTrun7qoGVkgDOnew_20.png,"[[84.0, 17.0], [246.0, 84.0], [160.0, 230.0], [0.0, 158.0]]",True
YFShJ62j7kMQQ8SprKYTCA_42.png,"[[12.0, 1.0], [43.0, 11.0], [36.0, 45.0], [3.0, 37.0]]",True
YRijNSbYEB5H9GMz_M5X2g_68.png,"[[189.0, 5.0], [200.0, 197.0], [11.0, 193.0], [9.0, 7.0]]",True
Ygts_k13-wzKjmWHn_15tA_67.png,"[[82.0, 0.0], [82.0, 80.0], [1.0, 82.0], [1.0, 5.0]]",True
Yyh0xG7ZJaLptNb-kwPkFA_26.png,"[[80.0, 11.0], [208.0, 61.0], [162.0, 235.0], [36.0, 179.0]]",True
ZBTVXdkPoJ81SA_1BezT2g_79.png,"[[140.0, 2.0], [136.0, 135.0], [0.0, 139.0], [6.0, 3.0]]",True
ZMXbEmXXI50ITAC-XWeC3A_42.png,"[[67.0, 12.0], [225.0, 63.0], [191.0, 227.0], [15.0, 177.0]]",True
ZNjHk6N0Y2BJnMb87shpXQ_31.png,"[[40.0, 7.0], [155.0, 49.0], [129.0, 159.0], [6.0, 115.0]]",True
ZWm6zSWASTQyemT7ojDXZA_51.png,"[[249.0, 6.0], [254.0, 253.0], [4.0, 246.0], [0.0, 0.0]]",True
ZkbO39yERlKor0gfGQ_B0Q_17.png,"[[44.0, 1.0], [44.0, 44.0], [0.0, 44.0], [0.0, 0.0]]",True
ZkbO39yERlKor0gfGQ_B0Q_39.png,"[[42.0, 1.0], [43.0, 43.0], [1.0, 43.0], [0.0, 0.0]]",True
ZpYGtbZjqXtQqGEAjBq-rg_95.png,"[[61.0, 5.0], [208.0, 62.0], [157.0, 203.0], [9.0, 148.0]]",True
_69EblZbqXUcjYKu7myKDg_110.png,"[[126.0, 0.0], [392.0, 146.0], [307.0, 422.0], [28.0, 280.0]]",True
_Cvgr5lwFlq6lGCAyFCcPg_74.png,"[[58.0, 1.0], [60.0, 60.0], [5.0, 60.0], [2.0, 0.0]]",True
_S3gC5NzN9scKX2RFlS8kg_61.png,"[[215.0, 2.0], [226.0, 221.0], [8.0, 225.0], [0.0, 10.0]]",True
_kjJB27gM3rYdj5NtbjasA_20.png,"[[67.0, 3.0], [195.0, 65.0], [129.0, 192.0], [2.0, 131.0]]",True
_pci49neWS-oI8o_VejfqA_99.png,"[[163.0, 0.0], [166.0, 155.0], [4.0, 159.0], [4.0, 0.0]]",True
_sGId2p9jcFDwTPcQ6TQdw_78.png,"[[14.0, 0.0], [45.0, 14.0], [33.0, 45.0], [1.0, 32.0]]",True
a6eLQxz4pmmH9fDWfGvilQ_32.png,"[[38.0, 11.0], [154.0, 47.0], [112.0, 146.0], [0.0, 104.0]]",True
a75VsnR7bQKHuyO1mybgfA_149.png,"[[33.0, 1.0], [115.0, 33.0], [87.0, 116.0], [0.0, 83.0]]",True
aA9_qomZkVLVKMzbdyzKgw_42.png,"[[40.0, 2.0], [113.0, 32.0], [87.0, 126.0], [10.0, 91.0]]",True
aDIaHuLPdQwSX-BAoT1DFQ_102.png,"[[62.0, 0.0], [64.0, 64.0], [4.0, 64.0], [0.0, 0.0]]",True
aE4Hmofoe37lUAAXuM26zA_97.png,"[[48.0, 5.0], [161.0, 47.0], [111.0, 164.0], [8.0, 127.0]]",True
aS8FdKuZbDtCmY6cANTkjg_129.png,"[[64.0, 0.0], [63.0, 65.0], [1.0, 65.0], [1.0, 1.0]]",True
asuhJspVHqlS3Sebwo-PPg_78.png,"[[65.0, 2.0], [224.0, 70.0], [167.0, 230.0], [3.0, 160.0]]",True
auZ4ZxNT3mGPk35x82Hx_w_59.png,"[[16.0, 0.0], [50.0, 14.0], [39.0, 49.0], [0.0, 35.0]]",True
b92A1lCHH49xD8krzHrjJw_50.png,"[[25.0, 1.0], [81.0, 26.0], [59.0, 83.0], [2.0, 60.0]]",True
bGqAggnQ5x69V6DDvO3Txw_33.png,"[[64.0, 11.0], [245.0, 71.0], [198.0, 249.0], [11.0, 189.0]]",True
bML4thebvg3BINgYX7jZTQ_124.png,"[[43.0, 0.0], [43.0, 43.0], [0.0, 43.0], [0.0, 0.0]]",True
bPJbdKOyO5E7mkItC2RMvQ_54.png,"[[42.0, 2.0], [151.0, 49.0], [112.0, 153.0], [0.0, 107.0]]",True
bS06_LyxIs9sZ_VtUqSLnw_159.png,"[[77.0, 0.0], [78.0, 75.0], [1.0, 77.0], [0.0, 2.0]]",True
bXTIxjLErQIxcjSdFRLJSA_12.png,"[[57.0, 0.0], [56.0, 54.0], [2.0, 57.0], [1.0, 2.0]]",True
bj_MIDO39rGDJeZAq9ZMXw_114.png,"[[19.0, 1.0], [69.0, 23.0], [49.0, 69.0], [0.0, 49.0]]",True
blwTfeY5rFpeZoorksG21g_108.png,"[[98.0, 0.0], [99.0, 100.0], [0.0, 98.0], [0.0, 0.0]]",True
bsdnK6Qg8oaIrEyM2unELw_78.png,"[[37.0, 1.0], [123.0, 33.0], [88.0, 124.0], [3.0, 89.0]]",True
but8biNUHpmKUBN6o1wJjw_48.png,"[[78.0, 0.0], [243.0, 72.0], [182.0, 246.0], [9.0, 171.0]]",True
bvpHEqt8GCSJdMoSAAvtJQ_29.png,"[[41.0, 0.0], [41.0, 41.0], [0.0, 40.0], [1.0, 0.0]]",True
c06Dk_Ukn9mwwgNu8MdrcA_44.png,"[[33.0, 2.0], [121.0, 33.0], [94.0, 125.0], [1.0, 90.0]]",True
c06Dk_Ukn9mwwgNu8MdrcA_47.png,"[[57.0, 2.0], [173.0, 54.0], [116.0, 171.0], [0.0, 112.0]]",True
c07Jx7x26yNgau8uqhIS3g_42.png,"[[75.0, 4.0], [75.0, 74.0], [0.0, 72.0], [0.0, 5.0]]",True
cXCgjc91pFqUysN3fPsAhA_40.png,"[[99.0, 4.0], [99.0, 95.0], [0.0, 85.0], [7.0, 7.0]]",True
ciLrgblu8sM_LA8rpDTNag_73.png,"[[61.0, 0.0], [63.0, 63.0], [1.0, 64.0], [1.0, 1.0]]",True
cibrCPZ6i3Wk7jYSz7eXdA_59.png,"[[30.0, 1.0], [110.0, 28.0], [86.0, 110.0], [0.0, 83.0]]",True
cqacQdO2zWF_cYN7ZhJkJg_57.png,"[[66.0, 1.0], [72.0, 68.0], [6.0, 72.0], [0.0, 2.0]]",True
dFlxTBZ8s47nmuSHGPIQaA_230.png,"[[44.0, 0.0], [44.0, 44.0], [0.0, 44.0], [0.0, 1.0]]",True
dFlxTBZ8s47nmuSHGPIQaA_233.png,"[[54.0, 2.0], [54.0, 54.0], [0.0, 54.0], [1.0, 1.0]]",True
dFxf372Yrgpf4qHNh9fusg_56.png,"[[92.0, 2.0], [96.0, 95.0], [1.0, 94.0], [2.0, 3.0]]",True
dRErxL4f4xMx7tbQbNktpg_85.png,"[[132.0, 9.0], [136.0, 135.0], [12.0, 135.0], [2.0, 5.0]]",True
dUbttpbYDDyzwXbKGzP2Jg_51.png,"[[48.0, 8.0], [166.0, 48.0], [128.0, 167.0], [7.0, 123.0]]",True
dcWyCQ1HKEFEfWwosxEiPw_54.png,"[[60.0, 7.0], [214.0, 66.0], [155.0, 207.0], [10.0, 152.0]]",True
dkP11ZIpAEn5vXbvDrKckg_40.png,"[[86.0, 0.0], [293.0, 87.0], [212.0, 298.0], [2.0, 215.0]]",True
dqgFKohxufPzvj2gGu5mxg_46.png,"[[97.0, 18.0], [361.0, 116.0], [255.0, 344.0], [0.0, 247.0]]",True
dy-ytY_nJkWqblUL2uFvag_47.png,"[[44.0, 2.0], [44.0, 43.0], [0.0, 43.0], [0.0, 2.0]]",True
eBAjlxDqCMOux5xLP9IAjw_97.png,"[[271.0, 20.0], [266.0, 274.0], [4.0, 267.0], [12.0, 0.0]]",True
eHRFxi9SeKB8wJk-CZbtag_50.png,"[[61.0, 0.0], [63.0, 63.0], [1.0, 63.0], [0.0, 0.0]]",True
eHRFxi9SeKB8wJk-CZbtag_94.png,"[[73.0, 0.0], [74.0, 71.0], [2.0, 74.0], [0.0, 1.0]]",True
eL9bRrYHGI56iauYUnuA3A_63.png,"[[133.0, 0.0], [365.0, 125.0], [255.0, 378.0], [14.0, 249.0]]",True
eLe2Xd5RLdx6zzmjUX3bYA_33.png,"[[34.0, 0.0], [118.0, 34.0], [79.0, 119.0], [2.0, 88.0]]",True
eM_w3fYJwrrmF4DNn4jhvg_34.png,"[[195.0, 0.0], [185.0, 190.0], [2.0, 197.0], [2.0, 1.0]]",True
eNgVV-Wiqe-MgGTz71qwug_28.png,"[[22.0, 1.0], [70.0, 21.0], [52.0, 72.0], [2.0, 52.0]]",True
ewBSwnRuCC_Xkg64eHOnhQ_57.png,"[[18.0, 4.0], [84.0, 20.0], [67.0, 86.0], [6.0, 69.0]]",True
exzpRE6LTtw5WrxeZb4gBA_178.png,"[[79.0, 1.0], [82.0, 82.0], [2.0, 81.0], [1.0, 2.0]]",True
eznhfOKyobEzwfWKhtYMJA_44.png,"[[14.0, 0.0], [51.0, 15.0], [38.0, 51.0], [0.0, 36.0]]",True
f6G3zfqLuGEgPKNbajljiw_87.png,"[[83.0, 0.0], [84.0, 82.0], [5.0, 84.0], [0.0, 3.0]]",True
f91bGeMF-nJSjUcWcUCsAQ_145.png,"[[70.0, 4.0], [241.0, 70.0], [175.0, 239.0], [2.0, 172.0]]",True
fRBwWAuHumomy6Pr2uQsTw_118.png,"[[37.0, 4.0], [111.0, 34.0], [80.0, 108.0], [0.0, 72.0]]",True
ffWfYcSCDu4RXpaBxEDpyA_105.png,"[[95.0, 1.0], [95.0, 95.0], [1.0, 94.0], [2.0, 0.0]]",True
fnISe7CNyWnBPO61T-jrGw_86.png,"[[57.0, 1.0], [59.0, 57.0], [4.0, 58.0], [0.0, 2.0]]",True
fyIphIvpCWh5mqG9gAshyQ_16.png,"[[21.0, 0.0], [70.0, 19.0], [53.0, 71.0], [3.0, 54.0]]",True
fyIphIvpCWh5mqG9gAshyQ_68.png,"[[24.0, 0.0], [81.0, 22.0], [59.0, 81.0], [0.0, 61.0]]",True
g3FxqKMF25RC00YsL-lHiQ_50.png,"[[29.0, 0.0], [99.0, 29.0], [75.0, 102.0], [2.0, 72.0]]",True
gBUQ-qJs2kTMifWEG5SEhw_86.png,"[[60.0, 0.0], [60.0, 60.0], [0.0, 60.0], [0.0, 0.0]]",True
gEcTLGuUlbcCLMnwVk9Qug_60.png,"[[28.0, 5.0], [106.0, 23.0], [87.0, 106.0], [9.0, 91.0]]",True
gMxvg9UOobgta2Bc-MO6Ew_137.png,"[[58.0, 8.0], [149.0, 31.0], [94.0, 143.0], [2.0, 120.0]]",True
gS4HsyrkIPns8h1WbNe4bQ_42.png,"[[56.0, 0.0], [57.0, 55.0], [4.0, 57.0], [0.0, 5.0]]",True
gWlssV-47e05UBoSeTmHqg_60.png,"[[44.0, 0.0], [101.0, 45.0], [75.0, 115.0], [15.0, 74.0]]",True
gbHoru4bJu7AKDZsHlMhRQ_39.png,"[[72.0, 12.0], [244.0, 79.0], [189.0, 244.0], [7.0, 179.0]]",True
gfplLzYeuqOJtG0G0tDpEQ_55.png,"[[84.0, 4.0], [82.0, 81.0], [2.0, 82.0], [5.0, 1.0]]",True
gp7Ilb1ObT3j7rjCPjoTBQ_100.png,"[[52.0, 2.0], [49.0, 52.0], [0.0, 49.0], [3.0, 0.0]]",True
gyRAEqKe8PWQHtmRiq1I9Q_42.png,"[[45.0, 5.0], [167.0, 47.0], [122.0, 163.0], [1.0, 122.0]]",True
gyRAEqKe8PWQHtmRiq1I9Q_74.png,"[[43.0, 5.0], [156.0, 38.0], [112.0, 157.0], [10.0, 126.0]]",True
hEGHJKbTrhTDQhcCcjfZjg_138.png,"[[27.0, 3.0], [95.0, 24.0], [70.0, 96.0], [1.0, 69.0]]",True
hEGHJKbTrhTDQhcCcjfZjg_20.png,"[[32.0, 3.0], [96.0, 32.0], [64.0, 93.0], [0.0, 66.0]]",True
hF5kp3TXQGNTCYH8Bv4VYA_46.png,"[[41.0, 0.0], [153.0, 44.0], [120.0, 158.0], [6.0, 115.0]]",True
hNfeJ3_cb7_t6O_uef0jlQ_37.png,"[[40.0, 0.0], [40.0, 40.0], [0.0, 40.0], [0.0, 0.0]]",True
hNfeJ3_cb7_t6O_uef0jlQ_76.png,"[[152.0, 9.0], [162.0, 155.0], [1.0, 144.0], [0.0, 7.0]]",True
hXzdNcz7my1yzHTUIbsBPQ_22.png,"[[72.0, 12.0], [235.0, 68.0], [188.0, 253.0], [25.0, 192.0]]",True
hgErdNUZ_yVIy4nc-2G4IQ_24.png,"[[29.0, 0.0], [105.0, 29.0], [76.0, 106.0], [1.0, 80.0]]",True
hhJ6VWM1Z21kJS5x_nDMeQ_25.png,"[[74.0, 0.0], [77.0, 75.0], [3.0, 77.0], [0.0, 4.0]]",True
hhJ6VWM1Z21kJS5x_nDMeQ_56.png,"[[73.0, 0.0], [73.0, 73.0], [0.0, 73.0], [0.0, 0.0]]",True
hhJ6VWM1Z21kJS5x_nDMeQ_75.png,"[[52.0, 0.0], [52.0, 52.0], [0.0, 52.0], [0.0, 0.0]]",True
hnLu8a52w3qY0Qv3RUUN9Q_36.png,"[[63.0, 4.0], [60.0, 63.0], [0.0, 62.0], [2.0, 2.0]]",True
hnLu8a52w3qY0Qv3RUUN9Q_51.png,"[[54.0, 1.0], [53.0, 54.0], [2.0, 53.0], [3.0, 1.0]]",True
i0otMec20l4gYE2r0QVXag_64.png,"[[40.0, 0.0], [41.0, 41.0], [0.0, 41.0], [0.0, 0.0]]",True
i2UgFY38__9NlKNNQPnHSQ_19.png,"[[50.0, 0.0], [51.0, 49.0], [4.0, 51.0], [0.0, 2.0]]",True
i2UgFY38__9NlKNNQPnHSQ_55.png,"[[57.0, 1.0], [58.0, 57.0], [2.0, 58.0], [0.0, 2.0]]",True
i2kfYXJZYfxXvev6hotVOw_52.png,"[[44.0, 0.0], [44.0, 44.0], [1.0, 44.0], [1.0, 0.0]]",True
i5zqq-knEDTvkVQ7E6kt-g_82.png,"[[25.0, 0.0], [97.0, 25.0], [73.0, 96.0], [3.0, 74.0]]",True
iDVqVz2CfrC484TIB7yRWA_151.png,"[[16.0, 1.0], [60.0, 14.0], [47.0, 57.0], [0.0, 45.0]]",True
iEBL89FoxWzIPWGgwS5Z6Q_52.png,"[[93.0, 0.0], [310.0, 97.0], [227.0, 316.0], [10.0, 215.0]]",True
iM2ThWpD3ycIr60dSN0i0w_36.png,"[[32.0, 0.0], [112.0, 35.0], [84.0, 118.0], [7.0, 84.0]]",True
iUU2zKZm89AY1Fzt8q0Ifg_40.png,"[[44.0, 7.0], [157.0, 43.0], [117.0, 151.0], [0.0, 111.0]]",True
ibNH750z7z0djIggBKmbBA_32.png,"[[47.0, 0.0], [182.0, 50.0], [130.0, 184.0], [2.0, 125.0]]",True
ilPNqtwqKgEoVJnLXadlcA_85.png,"[[95.0, 1.0], [95.0, 94.0], [1.0, 94.0], [0.0, 1.0]]",True
inimkKrcGgx5zq5PlEWA4A_82.png,"[[50.0, 0.0], [52.0, 52.0], [1.0, 52.0], [0.0, 1.0]]",True
iuj51xTi-VY_Iu7P1qRnHQ_16.png,"[[58.0, 5.0], [216.0, 61.0], [164.0, 210.0], [2.0, 158.0]]",True
ivZ3ZF4WcFjDQwF0AB404w_44.png,"[[64.0, 0.0], [199.0, 67.0], [149.0, 210.0], [17.0, 150.0]]",True
j27OJeOCWiwl8uwC0-vnew_12.png,"[[36.0, 7.0], [139.0, 37.0], [113.0, 139.0], [8.0, 107.0]]",True
jGvChZD-i2u1K2jWTj6whQ_101.png,"[[71.0, 0.0], [70.0, 71.0], [1.0, 70.0], [1.0, 1.0]]",True
jIVGBSFUF8KdQKCKTpy6NA_85.png,"[[42.0, 4.0], [148.0, 45.0], [106.0, 144.0], [1.0, 104.0]]",True
jKKd9VUoLYCyvgLbnM5D1g_33.png,"[[24.0, 0.0], [77.0, 24.0], [58.0, 78.0], [0.0, 51.0]]",True
jPf4K7hZUN8l3_JZgb08cA_78.png,"[[31.0, 0.0], [108.0, 28.0], [82.0, 106.0], [0.0, 77.0]]",True
jR--6aSdVlcCaovQDXbJOg_39.png,"[[33.0, 0.0], [97.0, 30.0], [72.0, 99.0], [2.0, 72.0]]",True
japT09fwyd8NDtOl2mhQBA_43.png,"[[40.0, 5.0], [146.0, 40.0], [109.0, 149.0], [2.0, 104.0]]",True
jm7I1Z22iwg3NVVuAxnFzg_38.png,"[[19.0, 0.0], [68.0, 14.0], [55.0, 68.0], [3.0, 52.0]]",True
jvSvob2GQK5kwc-xIq7h2A_19.png,"[[39.0, 0.0], [135.0, 42.0], [101.0, 139.0], [6.0, 99.0]]",True
kMAA8Ao2L9gGToc4Af-gDQ_46.png,"[[30.0, 0.0], [87.0, 25.0], [64.0, 89.0], [3.0, 59.0]]",True
kPXfw_yxhlQ-4Rv1tWMyag_51.png,"[[45.0, 2.0], [142.0, 42.0], [104.0, 145.0], [1.0, 105.0]]",True
kPXfw_yxhlQ-4Rv1tWMyag_60.png,"[[41.0, 4.0], [145.0, 44.0], [116.0, 147.0], [6.0, 111.0]]",True
kRv56I45tvzq3JrFEPhVDg_46.png,"[[20.0, 0.0], [72.0, 19.0], [53.0, 75.0], [1.0, 58.0]]",True
kdZC48aCZc7aeQid5PntNA_43.png,"[[34.0, 6.0], [126.0, 34.0], [104.0, 126.0], [6.0, 101.0]]",True
klrFi15yG2gCTQPfEertHQ_76.png,"[[90.0, 0.0], [304.0, 87.0], [222.0, 308.0], [3.0, 210.0]]",True
kxte0f4aG5uktE1aVWoHaA_37.png,"[[35.0, 1.0], [125.0, 37.0], [91.0, 125.0], [0.0, 86.0]]",True
l0v9B3sY-FGF-1tK4QXl4A_80.png,"[[35.0, 4.0], [139.0, 39.0], [109.0, 143.0], [4.0, 105.0]]",True
l1ejtDUBzxuSi_KwXJm9eQ_59.png,"[[23.0, 3.0], [81.0, 21.0], [59.0, 81.0], [2.0, 61.0]]",True
l3brxA7t_RVjQh7mDp9fAQ_45.png,"[[21.0, 0.0], [71.0, 21.0], [56.0, 71.0], [3.0, 51.0]]",True
l7KhCdGcKNyjkZ_fm6Cjbg_101.png,"[[15.0, 0.0], [55.0, 15.0], [40.0, 55.0], [2.0, 40.0]]",True
l7k3FjpluVp6bRFHBlD7zQ_34.png,"[[56.0, 1.0], [56.0, 55.0], [1.0, 53.0], [0.0, 1.0]]",True
l7k3FjpluVp6bRFHBlD7zQ_50.png,"[[47.0, 1.0], [47.0, 46.0], [0.0, 46.0], [1.0, 1.0]]",True
lB33eeqZ2vq522Si0gY54A_80.png,"[[40.0, 3.0], [39.0, 41.0], [0.0, 39.0], [4.0, 0.0]]",True
lMI9k3tkf2XjyBjNlruytw_47.png,"[[23.0, 1.0], [74.0, 22.0], [54.0, 74.0], [0.0, 51.0]]",True
lMI9k3tkf2XjyBjNlruytw_71.png,"[[24.0, 1.0], [77.0, 23.0], [54.0, 76.0], [0.0, 52.0]]",True
lRuGwtNp5VyVN5whlzW57Q_70.png,"[[47.0, 0.0], [49.0, 47.0], [2.0, 49.0], [1.0, 2.0]]",True
lXNCJ47_Y--qajTLiRe_uw_35.png,"[[20.0, 1.0], [76.0, 20.0], [57.0, 71.0], [0.0, 58.0]]",True
lbFquP0VRccYnShR4RIO8w_31.png,"[[32.0, 4.0], [113.0, 29.0], [88.0, 115.0], [4.0, 86.0]]",True
lhuiZd2jChF3_loT1COdYw_119.png,"[[35.0, 1.0], [106.0, 30.0], [72.0, 105.0], [2.0, 76.0]]",True
lwCBMARHU4duDX5LRWTbjg_56.png,"[[155.0, 3.0], [159.0, 160.0], [10.0, 160.0], [1.0, 0.0]]",True
lzQc0GDXsF2yYhbygUAYVg_40.png,"[[38.0, 0.0], [107.0, 35.0], [75.0, 107.0], [0.0, 66.0]]",True
m9zpVBM4vEPMmzZi1sgctg_99.png,"[[38.0, 2.0], [133.0, 38.0], [102.0, 137.0], [6.0, 102.0]]",True
mPS-BIj58jcEOtQIbEjfbg_45.png,"[[70.0, 0.0], [234.0, 76.0], [161.0, 234.0], [0.0, 170.0]]",True
mVXoJy9sbuq_LjnOKWZ8Ig_115.png,"[[80.0, 1.0], [77.0, 80.0], [0.0, 78.0], [5.0, 1.0]]",True
mnZRM39jvRtal9jNXWPZlw_102.png,"[[29.0, 1.0], [85.0, 29.0], [60.0, 85.0], [0.0, 57.0]]",True
n1jKRA8Snv2A8ZffR8Lknw_107.png,"[[340.0, 17.0], [323.0, 335.0], [7.0, 335.0], [1.0, 27.0]]",True
n8M9uaq0DrnexqcJWVYsyw_35.png,"[[17.0, 1.0], [66.0, 19.0], [49.0, 68.0], [3.0, 52.0]]",True
nYvYkRZgztpu7alkn-dJtQ_75.png,"[[75.0, 10.0], [260.0, 73.0], [193.0, 254.0], [0.0, 188.0]]",True
ne5RZhzSB8dNEefSISm-QA_177.png,"[[92.0, 3.0], [92.0, 93.0], [1.0, 92.0], [4.0, 0.0]]",True
nf9lKNcRA5wkgXqg0-AuQQ_29.png,"[[84.0, 2.0], [87.0, 86.0], [1.0, 84.0], [4.0, 2.0]]",True
o8-1_swk3OSnHr-2Wj85iA_56.png,"[[16.0, 1.0], [69.0, 18.0], [54.0, 68.0], [3.0, 51.0]]",True
oZdOOJWpApyx2EkmtfgyLA_42.png,"[[46.0, 2.0], [183.0, 52.0], [140.0, 183.0], [6.0, 139.0]]",True
oa2_Ue2FjnzGLY1Lglzuiw_32.png,"[[86.0, 0.0], [262.0, 91.0], [194.0, 274.0], [13.0, 184.0]]",True
ol65FBYVbw0PdqH_dXDBpw_54.png,"[[124.0, 3.0], [124.0, 118.0], [0.0, 121.0], [1.0, 6.0]]",True
owxSs6c0bx1DERu0K-3ABg_98.png,"[[24.0, 0.0], [71.0, 25.0], [53.0, 74.0], [4.0, 51.0]]",True
p6ThpdO7HNE66DYh9cCwEA_25.png,"[[78.0, 1.0], [80.0, 80.0], [2.0, 80.0], [1.0, 0.0]]",True
pDb4CkjE_wPIIUQNOclMRg_105.png,"[[54.0, 0.0], [54.0, 54.0], [0.0, 54.0], [0.0, 3.0]]",True
pNeFHDf7UgHQ81B6jaC5Ow_16.png,"[[27.0, 4.0], [95.0, 23.0], [67.0, 92.0], [0.0, 70.0]]",True
pWFy1P6EmpAiUtDU6CDO2A_54.png,"[[12.0, 0.0], [52.0, 11.0], [37.0, 52.0], [0.0, 39.0]]",True
pXeIRIXVqDcO-cUy0azCAQ_116.png,"[[47.0, 3.0], [163.0, 44.0], [119.0, 164.0], [2.0, 119.0]]",True
pnVx5rzyW4FnkSxsTTZVaw_34.png,"[[55.0, 3.0], [195.0, 54.0], [148.0, 191.0], [0.0, 134.0]]",True
po_u0bmevDwnRVQEU69ksA_74.png,"[[87.0, 1.0], [285.0, 80.0], [207.0, 283.0], [4.0, 206.0]]",True
pq9RZmlSWPUabfillXtv_g_84.png,"[[54.0, 2.0], [53.0, 54.0], [0.0, 54.0], [2.0, 0.0]]",True
q-CcPFBHAqwxBV2Yt4fkPA_57.png,"[[140.0, 9.0], [138.0, 140.0], [0.0, 139.0], [2.0, 0.0]]",True
qEZX9UwM7Q3_P3yk3qigzg_59.png,"[[69.0, 1.0], [66.0, 69.0], [0.0, 69.0], [4.0, 1.0]]",True
qFW7U1TuNeWgOOg7zhBFSA_64.png,"[[108.0, 19.0], [393.0, 108.0], [300.0, 381.0], [10.0, 287.0]]",True
qHuuvSZKpboXsfPwAtR2Uw_23.png,"[[59.0, 5.0], [195.0, 56.0], [140.0, 193.0], [0.0, 138.0]]",True
qIvgc24sGKnbhDbsc5jxoA_41.png,"[[27.0, 0.0], [85.0, 28.0], [59.0, 85.0], [1.0, 59.0]]",True
qKHcg5S1hiw-xdW5esEGGg_33.png,"[[65.0, 22.0], [259.0, 75.0], [206.0, 246.0], [10.0, 193.0]]",True
qYym3T0F1Du8Ifkkk_LU0Q_40.png,"[[142.0, 6.0], [144.0, 140.0], [0.0, 136.0], [4.0, 2.0]]",True
qqxh00XJzQ4NIkUYB2MB3Q_49.png,"[[88.0, 0.0], [90.0, 92.0], [3.0, 88.0], [3.0, 3.0]]",True
r4tp5bqYDYLnngX2dDx7Jw_30.png,"[[51.0, 0.0], [50.0, 51.0], [1.0, 51.0], [1.0, 0.0]]",True
r6NJ9aQX9-Lmnfh5TnHciQ_102.png,"[[39.0, 1.0], [42.0, 43.0], [2.0, 43.0], [3.0, 0.0]]",True
rBpPty6T1GeszlP5x-DSRg_33.png,"[[22.0, 0.0], [75.0, 22.0], [57.0, 76.0], [1.0, 53.0]]",True
rE9_mrkM26uOuGdBVDs8eA_165.png,"[[39.0, 0.0], [132.0, 41.0], [108.0, 140.0], [11.0, 100.0]]",True
rF4lGz087pHqSkzbe0FHYA_35.png,"[[53.0, 0.0], [54.0, 53.0], [3.0, 54.0], [1.0, 2.0]]",True
rSnS317zRq0MZMcyn_nfoQ_56.png,"[[28.0, 1.0], [98.0, 30.0], [73.0, 101.0], [3.0, 74.0]]",True
rbPNqyb8NHL6CsIAaJsCBg_38.png,"[[59.0, 1.0], [207.0, 57.0], [151.0, 206.0], [1.0, 147.0]]",True
rnSmqjKt2Kkt3ehMDebeIA_93.png,"[[43.0, 2.0], [157.0, 45.0], [125.0, 152.0], [3.0, 111.0]]",True
rsOOAgU7qk_P19SinSGhsA_41.png,"[[11.0, 2.0], [48.0, 13.0], [38.0, 48.0], [2.0, 37.0]]",True
sPo8Spl4LKN1-zGgyf0D-Q_38.png,"[[18.0, 6.0], [75.0, 18.0], [62.0, 75.0], [5.0, 62.0]]",True
sSIxw5PlCFNgLNjAk5QJ6A_94.png,"[[99.0, 0.0], [104.0, 100.0], [5.0, 104.0], [3.0, 1.0]]",True
sUA3gFIfyL510YII8HWo4w_58.png,"[[150.0, 5.0], [151.0, 152.0], [1.0, 149.0], [1.0, 0.0]]",True
sUA3gFIfyL510YII8HWo4w_82.png,"[[117.0, 0.0], [117.0, 111.0], [4.0, 117.0], [3.0, 4.0]]",True
slQ3nLiuAgasIRVx5UWkXw_54.png,"[[23.0, 0.0], [80.0, 20.0], [56.0, 80.0], [0.0, 53.0]]",True
srQY8RpK8SdI-6Z83Lle_w_27.png,"[[31.0, 1.0], [101.0, 29.0], [71.0, 101.0], [0.0, 74.0]]",True
t0dsC5bhsYKSaL__Rggvyw_116.png,"[[12.0, 3.0], [45.0, 13.0], [35.0, 43.0], [0.0, 32.0]]",True
tNm0eslf8vm0zO8_2I-XWg_53.png,"[[19.0, 2.0], [65.0, 18.0], [50.0, 72.0], [9.0, 56.0]]",True
teUMoHGn42s8BTg7xdFkWw_113.png,"[[78.0, 17.0], [267.0, 78.0], [220.0, 253.0], [3.0, 204.0]]",True
tmcaSU6QOruX3VfaiBFcNg_90.png,"[[52.0, 1.0], [180.0, 50.0], [131.0, 176.0], [2.0, 131.0]]",True
twAewDKHVTy85nCs2V97_g_21.png,"[[40.0, 0.0], [141.0, 44.0], [103.0, 141.0], [3.0, 94.0]]",True
txZf9Kze_QyCmoVeUY5qyg_51.png,"[[26.0, 0.0], [109.0, 31.0], [84.0, 113.0], [3.0, 83.0]]",True
u0FYYPjGylRmetevPWQquA_85.png,"[[25.0, 0.0], [106.0, 31.0], [78.0, 104.0], [2.0, 74.0]]",True
uDpYf9yKF5_UXdCsMVl2jw_109.png,"[[68.0, 7.0], [237.0, 71.0], [173.0, 238.0], [5.0, 173.0]]",True
ua1s7FBfcWPIFS6M6BmShw_32.png,"[[90.0, 2.0], [92.0, 85.0], [3.0, 92.0], [1.0, 1.0]]",True
uc5T6Su5-lz-6ZB1cknDnA_70.png,"[[14.0, 0.0], [53.0, 14.0], [41.0, 54.0], [1.0, 40.0]]",True
uhcFkr51qcP9v8NvKyGguw_58.png,"[[31.0, 0.0], [113.0, 34.0], [81.0, 115.0], [0.0, 84.0]]",True
umnDk_VUjSMRbyPBk_Moig_57.png,"[[126.0, 2.0], [129.0, 128.0], [3.0, 129.0], [3.0, 1.0]]",True
unuWHQqd70K0i63au9DkEg_16.png,"[[30.0, 0.0], [106.0, 30.0], [73.0, 108.0], [4.0, 77.0]]",True
uq6D8POHWioIeUNM8qnZCQ_57.png,"[[44.0, 0.0], [44.0, 44.0], [2.0, 44.0], [0.0, 2.0]]",True
uq6D8POHWioIeUNM8qnZCQ_82.png,"[[46.0, 0.0], [46.0, 46.0], [1.0, 46.0], [0.0, 1.0]]",True
uu9VtPW-zwzD7T8vStTUgg_57.png,"[[12.0, 2.0], [46.0, 14.0], [36.0, 47.0], [2.0, 37.0]]",True
uz4s1Zkd8hj06T-soWzasw_79.png,"[[104.0, 1.0], [105.0, 102.0], [4.0, 105.0], [0.0, 2.0]]",True
v2WpUC8WQL2wYBXM_356Gg_26.png,"[[29.0, 0.0], [68.0, 26.0], [58.0, 84.0], [16.0, 59.0]]",True
v6qkSgVYFmNbitJMGWmGiA_42.png,"[[22.0, 2.0], [70.0, 21.0], [56.0, 76.0], [4.0, 54.0]]",True
vhkBXxbnJulV2llCyeqptg_69.png,"[[23.0, 0.0], [74.0, 26.0], [53.0, 74.0], [1.0, 50.0]]",True
vrkjAViBo0veSeaGCykfWw_61.png,"[[35.0, 1.0], [112.0, 32.0], [74.0, 112.0], [0.0, 77.0]]",True
vtn5r8USqEoKsgOKUrwcaQ_34.png,"[[30.0, 5.0], [113.0, 29.0], [90.0, 115.0], [6.0, 91.0]]",True
vtn5r8USqEoKsgOKUrwcaQ_55.png,"[[43.0, 4.0], [117.0, 31.0], [81.0, 124.0], [6.0, 92.0]]",True
w6VkxQZznVjpVpI-TNUePw_35.png,"[[40.0, 0.0], [40.0, 40.0], [1.0, 40.0], [1.0, 1.0]]",True
w9oHSTtTZsskdpLAuQL1eQ_131.png,"[[49.0, 0.0], [49.0, 45.0], [0.0, 49.0], [0.0, 0.0]]",True
wHJnqzfdxoNaFXJNLdWfug_26.png,"[[34.0, 0.0], [108.0, 32.0], [76.0, 108.0], [0.0, 74.0]]",True
wOHz3tgzLLH-OcQUOuWojA_50.png,"[[61.0, 0.0], [61.0, 61.0], [0.0, 61.0], [1.0, 0.0]]",True
wOHz3tgzLLH-OcQUOuWojA_61.png,"[[56.0, 0.0], [57.0, 57.0], [1.0, 57.0], [0.0, 1.0]]",True
wObgeYLI4983w9ZrIB5Rtg_30.png,"[[18.0, 5.0], [90.0, 24.0], [72.0, 90.0], [5.0, 72.0]]",True
wObgeYLI4983w9ZrIB5Rtg_87.png,"[[22.0, 2.0], [75.0, 21.0], [55.0, 76.0], [3.0, 56.0]]",True
wR5QztL1GfOSV9Yhfd15HA_88.png,"[[41.0, 5.0], [150.0, 43.0], [116.0, 147.0], [2.0, 108.0]]",True
wdWcNQ6NYVCnVqPjH4Z2ig_75.png,"[[47.0, 3.0], [158.0, 48.0], [113.0, 160.0], [3.0, 47.0]]",True
wjcUBd8mVA0peeOnxfYhdg_95.png,"[[40.0, 10.0], [167.0, 41.0], [138.0, 164.0], [10.0, 131.0]]",True
wr5N5EiZPV2QApMzyrJ8jw_49.png,"[[59.0, 1.0], [187.0, 51.0], [134.0, 187.0], [0.0, 138.0]]",True
wrKHFdGF02arEeAPz3rw2Q_54.png,"[[35.0, 0.0], [123.0, 40.0], [87.0, 125.0], [5.0, 87.0]]",True
wx4eXplJFz5HKSnzM1FqiQ_28.png,"[[137.0, 5.0], [138.0, 140.0], [4.0, 136.0], [7.0, 0.0]]",True
xCYXeXuhVzYpH0J0nxLsZw_103.png,"[[161.0, 0.0], [165.0, 157.0], [9.0, 165.0], [0.0, 10.0]]",True
xKUId2cijkTWZ0akhrPDKQ_65.png,"[[121.0, 4.0], [121.0, 122.0], [1.0, 119.0], [5.0, 0.0]]",True
xKWCf-kSmpUMRDxRuSgCug_27.png,"[[20.0, 0.0], [79.0, 24.0], [61.0, 79.0], [0.0, 60.0]]",True
xKWCf-kSmpUMRDxRuSgCug_40.png,"[[17.0, 0.0], [72.0, 25.0], [53.0, 74.0], [2.0, 50.0]]",True
xVHlmuh2EqfmWF4JcvVvSQ_68.png,"[[46.0, 3.0], [148.0, 52.0], [110.0, 146.0], [0.0, 111.0]]",True
xVHlmuh2EqfmWF4JcvVvSQ_71.png,"[[80.0, 2.0], [209.0, 77.0], [127.0, 208.0], [0.0, 136.0]]",True
x_M0u4wi78laNIopwpOTgA_78.png,"[[43.0, 2.0], [154.0, 54.0], [118.0, 155.0], [3.0, 111.0]]",True
xaZdu0XzUeJyzdCYLV2l9A_185.png,"[[44.0, 0.0], [45.0, 45.0], [3.0, 45.0], [1.0, 0.0]]",True
xdw_3Q3Ms9lhdrsamx7dgQ_22.png,"[[104.0, 3.0], [105.0, 100.0], [2.0, 104.0], [0.0, 1.0]]",True
xdw_3Q3Ms9lhdrsamx7dgQ_39.png,"[[80.0, 2.0], [80.0, 80.0], [0.0, 80.0], [2.0, 4.0]]",True
xk9XOuD_FqL_ERs0c4gsSg_42.png,"[[54.0, 0.0], [55.0, 54.0], [1.0, 55.0], [0.0, 3.0]]",True
xoDewWfyWyn5OImKZOJ0QA_23.png,"[[74.0, 5.0], [74.0, 73.0], [0.0, 72.0], [2.0, 2.0]]",True
xoDewWfyWyn5OImKZOJ0QA_28.png,"[[333.0, 11.0], [353.0, 335.0], [15.0, 342.0], [2.0, 16.0]]",True
y04uBfA7RFOkT_Fv0lg4Pw_54.png,"[[14.0, 1.0], [46.0, 10.0], [34.0, 46.0], [1.0, 35.0]]",True
yRprH9-nAGDmwznToJsAEg_146.png,"[[80.0, 0.0], [80.0, 80.0], [1.0, 81.0], [1.0, 1.0]]",True
yT4gVS5XkL0fKXtBzzxMsw_88.png,"[[81.0, 4.0], [256.0, 77.0], [193.0, 272.0], [21.0, 196.0]]",True
yV_1a9GKPY1hdEiL69uBVQ_39.png,"[[36.0, 1.0], [130.0, 39.0], [96.0, 130.0], [2.0, 89.0]]",True
yeMrH_vVD72OEjS6-qC3TA_66.png,"[[126.0, 31.0], [489.0, 108.0], [402.0, 494.0], [37.0, 419.0]]",True
ymMRClriyLRtwsIB-16NWA_107.png,"[[67.0, 1.0], [65.0, 65.0], [0.0, 66.0], [2.0, 1.0]]",True
yvZ-yQY87UUI4HmYeak0vQ_42.png,"[[58.0, 0.0], [178.0, 61.0], [139.0, 191.0], [12.0, 127.0]]",True
z3xp88xBjag_KwsMglNZyw_121.png,"[[26.0, 0.0], [88.0, 28.0], [59.0, 88.0], [0.0, 58.0]]",True
z615WCsFY5ZFmu4l5BADUw_53.png,"[[25.0, 2.0], [93.0, 27.0], [69.0, 90.0], [2.0, 65.0]]",True
zBkLfdV_cg42Or1UnwMHWQ_69.png,"[[141.0, 9.0], [141.0, 139.0], [4.0, 141.0], [4.0, 3.0]]",True
zJrpfW1PNIrdMmlKqc3YsQ_22.png,"[[57.0, 0.0], [57.0, 57.0], [0.0, 57.0], [0.0, 0.0]]",True
zJrpfW1PNIrdMmlKqc3YsQ_60.png,"[[58.0, 5.0], [62.0, 62.0], [0.0, 62.0], [0.0, 0.0]]",True
zTOpBElZV7sYDKSdAITHHw_44.png,"[[33.0, 13.0], [148.0, 41.0], [123.0, 146.0], [8.0, 115.0]]",True
zVXpupZGsnRlra-kKhSohA_70.png,"[[42.0, 2.0], [44.0, 44.0], [2.0, 43.0], [0.0, 1.0]]",True
zZ_NU2z_UyKx1pzAqutodQ_31.png,"[[81.0, 14.0], [311.0, 91.0], [258.0, 306.0], [19.0, 229.0]]",True
zhHM6_hlTzT1ASSm13Jh7Q_14.png,"[[83.0, 0.0], [83.0, 84.0], [1.0, 84.0], [3.0, 6.0]]",True
zo0u0qOgxTCgyHrdzwzcNA_81.png,"[[85.0, 5.0], [85.0, 85.0], [10.0, 86.0], [5.0, 3.0]]",True
zzhOz5HCLGgV390zmYjyjQ_37.png,"[[43.0, 5.0], [153.0, 48.0], [121.0, 151.0], [8.0, 112.0]]",True
zzzoOP-ywL6dy1rUFxXYmw_75.png,"[[111.0, 6.0], [110.0, 113.0], [2.0, 108.0], [2.0, 4.0]]",True
